company_id,company,year,motivators,topic
13,SIDENOR,2022,Our commitment to minimize our carbon emissions,0
13,SIDENOR,2022,Our commitment to minimize our carbon footprint,0
13,SIDENOR,2022,The focus on GHG emissions reduction,0
13,SIDENOR,2024,Transition plan to reach climate neutrality by 2050,3
13,SIDENOR,2024,"Delegated Regulation (EU) 2020/1818, Article 12.1 (d) to (g), and Article 12.2",2
13,SIDENOR,2024,GHG emission reduction targets,0
13,SIDENOR,2024,Managing GHG emissions,0
13,SIDENOR,2024,"Gross Scope 1, 2, 3 and Total GHG emissions",0
5,SSAB,2014,Excess capacity in the steel industry,1
5,SSAB,2014,Consolidation in the steel industry,1
5,SSAB,2014,Changed growth patterns globally,1
5,SSAB,2014,Increased demand for steel in mature markets,1
5,SSAB,2014,Plans for consolidation and capacity downsizing among less competitive and environmentally sound mills,1
5,SSAB,2014,Pressure from authorities to address excess capacity and environmental issues,2
5,SSAB,2015,"Demand for steel has improved, forecasted to grow in Europe and North America.",1
5,SSAB,2015,World needs stronger steels.,1
5,SSAB,2015,Ability to innovate.,0
5,SSAB,2015,Positioning for future earnings.,4
5,SSAB,2015,Contribution to a more sustainable world.,4
5,SSAB,2015,Road to leading profitability in the steel industry.,1
5,SSAB,2016,"A stronger, lighter and more sustainable world.",4
5,SSAB,2016,"Externally Developed Economic, Environmental and Social Charters, Principles, or Other Initiatives to Which the Organization Subscribes or Which It Endorses.",4
5,SSAB,2016,"Organization’s values, principles, standards and norms of behavior such as codes of conduct and codes of ethics.",2
5,SSAB,2016,Total weight of waste by type and disposal method.,0
5,SSAB,2016,Communication and training on anti-corruption policies and procedures.,2
5,SSAB,2017,We are committed to reducing CO2 emissions,0
5,SSAB,2017,"We take economic, social and environmental responsibility into consideration in our business",4
5,SSAB,2017,Our long-term safety goal is zero accidents,2
5,SSAB,2017,We are committed to striving for zero accidents through our safety work,2
5,SSAB,2017,We are committed to achieving our financial targets,4
5,SSAB,2017,We are committed to achieving our sustainability targets,4
5,SSAB,2017,We are committed to achieving our long-term value,4
5,SSAB,2017,Transparency and reliable reporting,2
5,SSAB,2017,We are committed to striving for long-term value through our business,4
5,SSAB,2018,"Increased demand for steel in construction, infrastructure and the energy sector",1
5,SSAB,2018,"Increased demand for sustainable, recyclable material e.g. steel",1
5,SSAB,2018,Optimization of available steel capacity to promote more resource and CO2 efficient products/processes,1
5,SSAB,2018,"Using robotics, machine learning and advanced analytics to improve production stability and process efficiency",0
5,SSAB,2018,Developing new digital tools such as SSAB SmartSteel to help customers realize the full potential of our steel,1
5,SSAB,2018,Taking an active stance for free and fair trade,4
5,SSAB,2018,Advancing SSAB’s position in emerging markets for high-strength steels,1
5,SSAB,2018,Helping customers to innovate their products and reducing their CO2 footprint through upgrading to high-strength steel,1
5,SSAB,2018,Environmental benefits from high-strength steels,1
5,SSAB,2018,SSAB EcoUpgraded concept,1
5,SSAB,2019,Long-term value creation realization is ongoing,4
5,SSAB,2019,Responsible governance,2
5,SSAB,2019,Transparency and reliable reporting,2
5,SSAB,2019,Our long-term safety goal is zero accidents and we are committed to striving for this through our safety work,2
5,SSAB,2019,Commitment to reducing CO2 emissions both short and long-term,0
5,SSAB,2020,Use better steel: SSAB’s customers benefit from leading CO2 efficient production,1
5,SSAB,2020,Use steel better: Environmental benefits with SSAB’s steels,1
5,SSAB,2020,Go fossil-free: SSAB to be the first in fossil-free steel with HYBRIT technology,1
5,SSAB,2020,Global megatrends affecting SSAB,1
5,SSAB,2020,Steel market and SSAB’s position,1
5,SSAB,2020,SSAB Special Steels,1
5,SSAB,2020,SSAB Europe,1
5,SSAB,2020,SSAB Americas,1
5,SSAB,2020,Research and Development,0
5,SSAB,2020,The world’s first pilot plant for fossil-free steel,1
5,SSAB,2020,Sustainability Report,2
5,SSAB,2020,Financial Reports 2020,2
5,SSAB,2020,Externally assured sustainability information compliant with the GRI Standards,2
5,SSAB,2020,SSAB ANNUAL REPORT 2020,1
5,SSAB,2021,"Reducing emissions, noise and other inconveniences",0
5,SSAB,2021,Involvement in many research projects on technological developments,0
5,SSAB,2021,Developing procedure on action where industry associations are not aligned with Paris Agreement’s goals,5
5,SSAB,2021,"Our strategy and targets, including sustainability",4
5,SSAB,2021,SSAB’s transformation to fossil-freedom and fossil-free steel,1
5,SSAB,2021,Commitment to CO 2 reduction both short and long-term,0
5,SSAB,2021,Long-term value creation,4
5,SSAB,2021,Responsible governance,2
5,SSAB,2021,"Informing on opportunities, challenges and needs connected to industrial decarbonization",5
5,SSAB,2021,Public funding,5
5,SSAB,2022,"Increasing demand for SSAB's products, for example, high-strength steel and, going forward, fossil-free steel",1
5,SSAB,2022,Decreasing global trade in recent years,1
5,SSAB,2022,Temporary shortage of input materials in the European steel industry because of Russia's invasion of Ukraine,1
5,SSAB,2022,Continued protectionism in many parts of the world,1
5,SSAB,2022,SSAB has a leading position in transformation of the steel industry,1
5,SSAB,2023,Commitment on sustainable development strategy,4
5,SSAB,2023,Compliance with laws and regulations,2
5,SSAB,2023,Communication and training ahead about anti-corruption principles and procedures,2
5,SSAB,2023,Direct GHG emissions (Scope 1),0
5,SSAB,2024,Pillar 3 reference,0
5,SSAB,2024,Disclosure requirements in ESRS,2
5,SSAB,2024,Included in the Sustainability Report Page,2
5,SSAB,2024,"ESRS E1-4 34 ● ● ● Included 88, 93",0
5,SSAB,2024,ESRS E1-6 44 ● ● ● Not included (refer to GRI reference E1-6),0
5,SSAB,2024,ESRS E1-6 53-55 ● ● ● Not included (refer to GRI reference E1-6),0
5,SSAB,2024,ESRS E2-2 Included 94,0
5,SSAB,2024,ESRS E2-3 Included 95,0
5,SSAB,2024,ESRS E2-4 28 ● Not included (refer to GRI reference E2-4),0
5,SSAB,2024,ESRS E3-1 9 ● Not included (not material),0
5,SSAB,2024,ESRS E3-1 13 ● Not included (not material),0
5,SSAB,2024,ESRS E3-1 14 ● Not included (not material),0
5,SSAB,2024,ESRS E3-4 28c ● Not included (not material),0
5,SSAB,2024,ESRS E3-4 29 ● Not included (not material),0
5,SSAB,2024,ESRS S1 SBM-2 Included 107,0
5,SSAB,2024,ESRS S1 SBM-3 Included 107,0
5,SSAB,2024,ESRS S1-1 Included 104,0
5,SSAB,2024,ESRS S1-1 20 ● Included 104,0
5,SSAB,2024,ESRS S1-1 21 ● Included 104,0
5,SSAB,2024,ESRS S1-1 22 ● Included 104,0
5,SSAB,2024,ESRS S1-1 23 ● Included 104,0
5,SSAB,2024,ESRS S1-2 Included 105,0
5,SSAB,2024,"ESRS S1-3 Included 105, 115",0
5,SSAB,2024,ESRS S1-3 32c ● Included 104,0
5,SSAB,2024,ESRS S1-4 Included 105,0
5,SSAB,2024,ESRS S1-5 Included 106,0
5,SSAB,2024,ESRS S1-6 Included 106,0
5,SSAB,2024,ESRS S1-7 Included 106,0
5,SSAB,2024,ESRS G1 GOV-1 Included,0
5,SSAB,2024,ESRS G1 GOV-1 Included 43,0
12,Dillinger,2019,Reduction of carbon dioxide emissions,0
12,Dillinger,2019,Compliance with environmental standards,2
12,Dillinger,2019,Compliance with social standards,2
12,Dillinger,2019,Reduction of GHG emissions,0
12,Dillinger,2019,Development of new technologies,0
12,Dillinger,2019,Testing of new technologies on an industrial scale,0
12,Dillinger,2021,External incentives,0
12,Dillinger,2021,Pressure from logistic bottlenecks,2
12,Dillinger,2022,Allocation of free allowances on the blast furnace converter route,1
12,Dillinger,2022,Policy framework for decarbonisation on competitive terms,5
12,Dillinger,2022,Sustainable Development Goals,4
12,Dillinger,2022,Carbon reduction target for 2030,0
8,Voestalpine,2013,Pressure from regulatory requirements to reduce GHG emissions,2
8,Voestalpine,2013,Commitment to reduce dependence on fossil fuels,0
8,Voestalpine,2013,Commitment to achieve carbon neutrality,3
8,Voestalpine,2013,Commitment to reduce emissions from supply chain,0
8,Voestalpine,2015,Pressure from regulatory requirements and climate policies,2
8,Voestalpine,2015,Commitment to reducing greenhouse gas emissions,0
8,Voestalpine,2015,Pressure from investor expectations for decarbonization,5
8,Voestalpine,2018,Commitment to SDGs as a guideline for actions,4
8,Voestalpine,2019,Opportunity to increase competitiveness through sustainable production processes,0
8,Voestalpine,2019,Incentive to reduce costs associated with climate change,0
8,Voestalpine,2019,Pressure from investors to align with Paris Agreement,5
8,Voestalpine,2019,Commitment to reduce greenhouse gas emissions by 50% by 2030,0
8,Voestalpine,2019,Commitment to achieve carbon neutrality in operations by 2025,3
8,Voestalpine,2019,Incentive to reduce risks associated with climate change,0
8,Voestalpine,2019,Pressure from NGOs to reduce environmental impact,2
8,Voestalpine,2019,Commitment to reduce Scope 3 emissions by 50% by 2030,0
8,Voestalpine,2019,Opportunity to develop new technologies through R&D investments,0
8,Voestalpine,2019,Incentive to improve supply chain resilience through sustainable practices,0
8,Voestalpine,2019,Commitment to achieve carbon neutrality in supply chain by 2050,3
8,Voestalpine,2019,Incentive to reduce waste and emissions in operations,0
8,Voestalpine,2019,Pressure from regulators to implement sustainable practices,2
8,Voestalpine,2019,Commitment to reduce emissions from steel production by 50% by 2030,1
8,Voestalpine,2019,Opportunity to develop new business models through sustainable steel production,1
8,Voestalpine,2019,Incentive to improve supply chain transparency through sustainable practices,0
8,Voestalpine,2020,Employee survey results indicating a commitment to decarbonisation,5
8,Voestalpine,2020,Research and development for climate-friendly steel production,1
8,Voestalpine,2020,Environmental expenditure,0
8,Voestalpine,2020,Environmental investment,0
8,Voestalpine,2020,Greenhouse gas emissions reduction targets,0
8,Voestalpine,2020,Measures under the Corona pandemic to reduce emissions,0
8,Voestalpine,2020,Industrial safety for contractors/foreign companies to reduce emissions,2
8,Voestalpine,2020,Accident frequency rate reduction to improve environmental performance,2
8,Voestalpine,2020,Air emissions reduction targets,0
8,Voestalpine,2020,SO2-Emissions reduction targets,0
8,Voestalpine,2020,NOx-Effects reduction targets,0
8,Voestalpine,2020,Organic air pollutants reduction targets,0
8,Voestalpine,2020,Commitment to reduce GHG emissions through environmental management systems,0
8,Voestalpine,2020,Pressure to reduce GHG emissions through environmental expenditure,0
8,Voestalpine,2020,Opportunity to reduce GHG emissions through research and development for climate-friendly steel production,1
8,Voestalpine,2021,Long-term de-carbonisation of the economic system,5
8,Voestalpine,2021,Extensive research and development of new technologies,0
8,Voestalpine,2022,Step plan for climate-neutral steel production,1
8,Voestalpine,2022,Optimisation of production processes,0
8,Voestalpine,2022,Sustainable Development Goals,4
8,Voestalpine,2022,Health and safety management systems,2
8,Voestalpine,2022,Environmental safety organisations,2
8,Voestalpine,2022,Environmental emissions,0
8,Voestalpine,2022,Compliance and corporate governance,2
8,Voestalpine,2022,ResponsibleSteel,1
8,Voestalpine,2022,Research and development,0
8,Voestalpine,2023,Pressure from investors to meet decarbonisation goals,5
8,Voestalpine,2023,Commitment to reduce Scope 1 emissions,0
8,Voestalpine,2023,Commitment to achieve carbon neutrality in operations,3
8,Voestalpine,2023,Commitment to reduce emissions from business travel and transportation,0
8,Voestalpine,2023,Pressure from industry peers to meet decarbonisation standards,5
8,Voestalpine,2023,Commitment to achieve science-based targets for GHG emissions reduction,0
8,Voestalpine,2023,Incentive to reduce emissions from indirect land use change,0
8,Voestalpine,2023,Driver to improve supply chain resilience through sustainability practices,0
8,Voestalpine,2023,Commitment to reduce emissions from waste management and disposal,0
8,Voestalpine,2023,Incentive to develop and implement sustainable procurement practices,0
8,Voestalpine,2023,Pressure from regulatory bodies to meet climate-related reporting requirements,2
8,Voestalpine,2023,Commitment to achieve carbon neutrality in supply chain operations,3
8,Voestalpine,2023,Incentive to reduce emissions from product packaging and transportation,0
8,Voestalpine,2023,Pressure from investors to meet climate-related performance targets,5
8,Voestalpine,2023,Commitment to reduce emissions from business travel and commuting,0
8,Voestalpine,2023,Opportunity to improve supply chain transparency and accountability through sustainability practices,0
8,Voestalpine,2023,Commitment to achieve net-zero emissions from operations and supply chain,0
8,Voestalpine,2023,Incentive to reduce emissions from indirect emissions from energy consumption,0
8,Voestalpine,2023,Driver to improve supply chain resilience and adaptability through sustainability practices,0
8,Voestalpine,2023,Pressure from industry associations to meet decarbonisation standards,5
8,Voestalpine,2023,Incentive to develop and implement sustainable water management practices,0
8,Voestalpine,2024,Sustainability in the Supply Chain,0
8,Voestalpine,2024,Research and Development,0
8,Voestalpine,2024,Health & safety,2
8,Voestalpine,2024,New technologies in steel production,1
8,Voestalpine,2024,ResponsibleSteel,1
8,Voestalpine,2024,Sustainable Development Goals,4
14,Feralpi,2018,Pressure from regulatory bodies to reduce GHG emissions,2
14,Feralpi,2018,Pressure from investors to meet decarbonisation goals,5
14,Feralpi,2018,Commitment to reduce Scope 2 GHG emissions,0
14,Feralpi,2018,Incentive to comply with environmental regulations,0
14,Feralpi,2018,Commitment to reduce atmospheric emissions,0
14,Feralpi,2018,Incentive to reduce waste and by-products,0
14,Feralpi,2018,Pressure from stakeholders to meet decarbonisation targets,5
14,Feralpi,2018,Commitment to environmental responsibility policies,0
14,Feralpi,2018,"Opportunity to reduce nitrogen oxides (NOx), sulfur oxides (SOx), and other significant air emissions",0
14,Feralpi,2018,Incentive to reduce water discharged by quality and destination,0
14,Feralpi,2018,Pressure from governments to meet decarbonisation goals,5
14,Feralpi,2018,Commitment to reduce waste by type and disposal method,0
14,Feralpi,2018,Opportunity to reduce significant spills,2
14,Feralpi,2018,Incentive to improve environmental compliance,0
14,Feralpi,2021,Reduction of direct emissions through plant investments,0
14,Feralpi,2021,Measures to reduce direct greenhouse gas emissions and other air emissions,0
14,Feralpi,2021,Accounting of CO2 emissions in line with the methodology and guidelines of ISO 14064,0
14,Feralpi,2022,Commitment to Research & Development,0
14,Feralpi,2022,Decarbonisation Goal,5
14,Feralpi,2022,Governance and management of environmental aspects,2
14,Feralpi,2023,Securing the supply chain,0
14,Feralpi,2023,Growing beyond the current domains,0
14,Feralpi,2023,Decarbonising the country’s energy mix,5
14,Feralpi,2023,Electricity supply from market/grid whose emissions are decreasing over time due to the decarbonisation of the country mix,5
14,Feralpi,2023,Set ambitious CO 2 emission reduction targets,0
14,Feralpi,2023,Gaining market share in neighbouring countries for construction steels,1
14,Feralpi,2023,Gaining market share in high-margin applications for special steels,1
14,Feralpi,2023,Contribute to change in the steel sector by leveraging decarbonisation and digitalisation,1
14,Feralpi,2023,Ensure business continuity by enhancing the company’s ability to manage crises,2
14,Feralpi,2023,Innovate for the future of production by investing in state-of-the-art production processes,0
14,Feralpi,2023,Foster the ecological transition by internalising the challenges of decarbonisation,5
14,Feralpi,2024,Commitment to clear goals and steadfast pursuit of them.,4
14,Feralpi,2024,Commitment to embodying a social role that values people and respects their individuality.,4
4,Salzgitter,2017,Observance of human rights,2
4,Salzgitter,2017,EU regulations on steel imports,1
4,Salzgitter,2019,Investments in the billion range for achieving CO 2 reduction targets,0
4,Salzgitter,2019,Cheaper but more CO 2 -intensive steel imports,1
4,Salzgitter,2019,Deindustrialization with all its ensuing fallout,5
4,Salzgitter,2019,Transition away from coal to other sources of energy in steel production,1
4,Salzgitter,2022,Strong interest of customers in low carbon steel,1
4,Salzgitter,2022,Possible surplus demand for green steel,1
4,Salzgitter,2022,Customers willing to pay a premium for green steel products,1
4,Salzgitter,2022,Ongoing monitoring and analysis of relevant developments,0
4,Salzgitter,2022,Partnering agreements with customers for low carbon steel supply,1
4,Salzgitter,2022,Premium purchase price for green steel products compared to lower production costs for high-carbon steel products,1
4,Salzgitter,2023,Potential for generating higher margins in the newly emerging market for green steel.,1
4,Salzgitter,2023,Steady expansion of trade with low-carbon steel.,1
4,Salzgitter,2023,Meeting short-term Science Based Target through groupwide decarbonization path.,5
4,Salzgitter,2023,"Opportunity to participate in the company's growth through the ""Decarb Award"".",4
4,Salzgitter,2023,"Annual changing priorities from the three areas of ecological, social and entrepreneurial sustainability through the ""Change Award"" series.",4
4,Salzgitter,2023,Exchange of know-how on new technologies and production techniques.,0
4,Salzgitter,2023,Joint information events and regional projects on reducing carbon in the supply chain.,0
4,Salzgitter,2023,Reducing carbon in the supply chain.,0
4,Salzgitter,2023,Potential for reducing carbon emissions through the development of SALCOS.,1
4,Salzgitter,2024,Permanent reduction in Scope 2 CO 2 e emissions,0
4,Salzgitter,2024,Significant cut in Scope 1 emissions from the production of carbon-reduced steel from the SALCOS® route,1
4,Salzgitter,2024,Original and current budgeting for decarbonization,5
4,Salzgitter,2024,"SALCOS®: sustainable, low carbon steel production",1
4,Salzgitter,2024,Company development and corporate strategy,4
4,Salzgitter,2024,Optimizing production processes and raising energy efficiency,0
4,Salzgitter,2024,Transition plan for decarbonization,5
4,Salzgitter,2024,50% reduction in Scope 1 and 2 CO 2 e emissions from the Group companies,0
4,Salzgitter,2024,Compliance with national laws and official requirements in relation to the release of pollutants,2
4,Salzgitter,2024,50% reduction in accidents,2
4,Salzgitter,2024,Protecting the health and safety of all suppliers and partner companies involved with our companies,2
16,Baosteel,2014,Pressure from new Law on Work Safety,2
16,Baosteel,2014,Pressure from new Law of Environmental Protection,2
16,Baosteel,2014,Opportunity for institutional and systemic innovation,0
16,Baosteel,2014,Opportunity for technology innovation,0
16,Baosteel,2018,Pressure from more stringent environmental protection measures,2
16,Baosteel,2018,Pressure from supply-side structural reform,2
16,Baosteel,2018,Opportunity from material demand upgrading,1
16,Baosteel,2021,"Building a low-cost, differentiated and highly efficient manufacturing capacity through comprehensive benchmarking.",0
16,Baosteel,2021,Improving process interface efficiency and the cost of iron and steel.,1
16,Baosteel,2021,"Maintaining continuous, stable and low-cost production of the whole process of iron and steel.",1
16,Baosteel,2021,Investigating the optimized production organization mode of coordination among four bases.,0
16,Baosteel,2021,Constantly optimizing the division of the production line of different varieties.,0
16,Baosteel,2021,"Making major progress in key and core technologies in high-efficiency converter smelting, direct rolling of plate blanks, fully continuous endless rolling of hot rolling, etc.",1
16,Baosteel,2021,Implementing carbon peaking and carbon neutrality.,3
16,Baosteel,2021,Enhancing the capacity to effectively deal with risks.,2
16,Baosteel,2021,Effectively preventing major risks.,2
16,Baosteel,2021,Exploring and mastering core technologies of green and low-carbon metallurgy.,1
16,Baosteel,2021,Conducting life cycle assessment (LCA) to carry out green design of iron and steel products.,1
16,Baosteel,2021,Building a high-quality steel ecosystem.,1
16,Baosteel,2021,Scaling up on ESG issues in supplier entry and assessment.,0
16,Baosteel,2021,Continuously building a green supply chain.,0
16,Baosteel,2021,Cultivating innovation capacity.,0
16,Baosteel,2021,"Actively developing and deploying advanced technologies of manufacturing, energy-conservation and environmental protection.",0
16,Baosteel,2021,Improving efficiency through smart manufacturing.,0
16,Baosteel,2021,Implementing M&A in the iron and steel industry.,1
16,Baosteel,2022,Incentive to improve regional environmental quality,0
16,Baosteel,2022,Commitment to achieve positive interaction between enterprises and society,4
16,Baosteel,2022,Commitment to adhere to the direction of high-quality development,4
16,Baosteel,2022,Incentive to become a world-class steel enterprise,1
16,Baosteel,2022,Opportunity to write a new chapter in the new era of steel serving the country and becoming a strong steel country,1
16,Baosteel,2022,"Commitment to deepen the management mode of ""one company with multiple bases""",4
16,Baosteel,2024,International geopolitical conflicts and trade tensions,1
16,Baosteel,2024,Imbalance between supply and demand in the steel industry,1
16,Baosteel,2024,Risks in the construction and operation of domestic and overseas investment projects,2
16,Baosteel,2024,Safety and environmental compliance,2
16,Baosteel,2024,Capacity governance,2
16,Baosteel,2024,Driving steel consumption,1
16,Baosteel,2024,Regulating capacity replacement,2
16,Baosteel,2024,Stimulating steel consumption,1
6,TataSteelNederland,2022,"Pressure from stakeholders such as shareholders, customers, local residents, and governments to report on non-financial performance.",2
6,TataSteelNederland,2022,Commitment to create value in the long term.,4
6,TataSteelNederland,2022,Pressure from increasing sustainability requirements in steel applications.,1
6,TataSteelNederland,2022,Commitment to making production greener and achieving green steel in a clean environment.,1
6,TataSteelNederland,2022,Pressure to reduce CO2 emissions from steel production.,1
6,TataSteelNederland,2023,Award of substantial Dutch and European subsidy in support of decarbonisation research,5
6,TataSteelNederland,2023,Importance placed on decarbonisation work by society,5
6,TataSteelNederland,2023,Clear direction from politicians on decarbonisation,5
6,TataSteelNederland,2023,Increased focus from society on decarbonisation,5
6,TataSteelNederland,2023,Ambition to be carbon neutral by 2045,3
6,TataSteelNederland,2024,Corporate Sustainability Reporting Directive (CSRD),2
6,TataSteelNederland,2024,European Sustainability Reporting Standards (ESRS),2
2,Acerinox,2022,Pressure from emissions-limiting regulations,2
2,Acerinox,2022,Commitment to reduce Scope 1 emissions,0
2,Acerinox,2022,Pressure to reduce air emissions of pollutants,0
2,Acerinox,2022,Commitment to manage Scope 1 emissions,0
2,Acerinox,2022,Opportunity to reduce GHG emissions intensity,0
2,Acerinox,2022,Incentive to reduce waste generated,0
2,Acerinox,2022,Pressure to divert waste from disposal,0
2,Acerinox,2022,Commitment to manage significant waste-related impacts,0
2,Acerinox,2022,Opportunity to reduce nitrogen oxides (NOx) and sulphur oxides (SOx) emissions,0
2,Acerinox,2022,Incentive to reduce ozone-depleting substances (ODS) emissions,0
2,Acerinox,2022,Pressure to reduce GHG emissions,0
2,Acerinox,2022,Commitment to reduce GHG emissions intensity,0
2,Acerinox,2022,Opportunity to improve waste management practices,0
2,Acerinox,2022,Incentive to reduce waste directed to disposal,0
2,Acerinox,2022,Pressure to reduce GHG emissions in the supply chain,0
2,Acerinox,2022,Commitment to screen new suppliers using environmental criteria,0
2,Acerinox,2022,Opportunity to reduce negative environmental impacts in the supply chain,0
2,Acerinox,2022,Incentive to achieve long-term and short-term strategy or plan to manage Scope 1 emissions,0
2,Acerinox,2023,Decrease in demand,1
2,Acerinox,2023,Setting of 2030 sustainability targets,4
2,Acerinox,2023,Sustainability Master Plan - Positive Impact 360º,4
2,Acerinox,2024,Positive impacts on GHG Reduction are due to the implementation of measures to mitigate climate change,0
2,Acerinox,2024,Integration of sustainability-related performance in incentive schemes,0
2,Acerinox,2024,"Gross Scopes 1, 2, 3 and Total GHG emissions",0
2,Acerinox,2024,GHG removals and GHG mitigation projects financed through carbon credits,0
2,Acerinox,2024,"Indirect impact on supply chains, implying potential additional operating costs in inputs and energy prices",0
2,Acerinox,2024,Decrease in demand,1
2,Acerinox,2024,Setting of 2030 sustainability targets,4
2,Acerinox,2024,Sustainability Master Plan - Positive Impact 360º,4
2,Acerinox,2024,Decarbonization plan and setting of carbon intensity targets,5
2,Acerinox,2024,Increased steel demand due to the development of new technologies and products for the energy transition,1
2,Acerinox,2024,Sustainability Master Plan. Positive Impact 360º,4
3,Outokumpu,2013,Safe use of stainless (SR p. 9),1
3,Outokumpu,2013,Sustainable supply chain (SR p. 32),0
3,Outokumpu,2013,"Operational risks (AR, p. 124)",2
3,Outokumpu,2013,Risks and uncertainties (AR p. 121–124),2
3,Outokumpu,2014,Sustainable supply chain (SR p. 36),0
3,Outokumpu,2014,"CEO's foreword (SR p. 1), Compliance (SR p. 45)",2
3,Outokumpu,2023,Decarbonizing across the value chain,5
3,Outokumpu,2023,Fostering a sustainable supply chain,0
3,Outokumpu,2023,Always working safely,2
3,Outokumpu,2024,Competitive advantage in low-carbon stainless steel,1
7,Celsa,2020,Commitment to being a benchmark for the sector,4
7,Celsa,2020,Opportunity to be Net Positive Carbon by 2040,3
7,Celsa,2020,Commitment to successfully complete ambitious decarbonisation milestones,5
7,Celsa,2020,Pressure to reduce CO2 emissions by 55% in 2025,0
7,Celsa,2020,Commitment to being a company more committed to society and the planet,4
7,Celsa,2020,Commitment to building a company for future generations,4
7,Celsa,2023,Compliance with current regulations and national/international frameworks,2
7,Celsa,2023,Firm commitment to ethics and transparency of operations,2
7,Celsa,2023,Integrity,4
7,Celsa,2023,Transparent disclosure of information,2
7,Celsa,2023,Development of applicable laws and regulations,2
7,Celsa,2023,Responsibility to comply with existing regulations and global frameworks,2
7,Celsa,2023,Governance aspects,2
7,Celsa,2023,Social aspects,2
7,Celsa,2023,Environmental aspects,2
7,Celsa,2023,Societal aspects,2
1,ArcelorMittal,2013,Commitment to having all steel operations certified to internationally recognised environmental management systems,1
1,ArcelorMittal,2013,Pressure to consider environmental impacts over the entire lifetime of the steel produced,1
1,ArcelorMittal,2013,Opportunity to maximise environmental benefits through focused investment,0
1,ArcelorMittal,2014,"A world that is still recovering from the after-effects of a major economic crisis, where demand for steel reduced significantly in the developed nations and has still in some countries not reached pre-crisis levels;",1
1,ArcelorMittal,2014,"A world where China has emerged as the largest producer and consumer and, increasingly, a major exporter;",1
1,ArcelorMittal,2014,A more competitive world with an increasing focus on sustainability where our customers’ demands for more sophisticated grades of steel are increasing;,1
1,ArcelorMittal,2014,Regulations relating to carbon emissions;,2
1,ArcelorMittal,2014,Managing and monitoring the non-financial aspects of our business at the local level;,2
1,ArcelorMittal,2014,Responding effectively and transparently to global sustainability trends;,4
1,ArcelorMittal,2016,Bringing in more economic drivers to reduce GHG emissions,0
1,ArcelorMittal,2016,Building capacity for conservation efforts to reduce GHG emissions,0
1,ArcelorMittal,2016,Working with partners to achieve decarbonisation goals,5
1,ArcelorMittal,2016,Return value to stakeholders through decarbonisation efforts,5
1,ArcelorMittal,2016,Long-term partnerships to address climate change,5
1,ArcelorMittal,2016,Leverage partnerships to return value to stakeholders in a low-carbon future,5
1,ArcelorMittal,2018,The Paris Agreement,5
1,ArcelorMittal,2018,Public investment and production subsidies,5
1,ArcelorMittal,2018,Funding to support technological development,0
1,ArcelorMittal,2018,Reputational risks,2
1,ArcelorMittal,2018,Regulatory risks,2
1,ArcelorMittal,2018,The need to reduce carbon footprint in line with the Paris Agreement,5
1,ArcelorMittal,2018,The need to reform the way primary steel is made to reduce emissions,1
1,ArcelorMittal,2018,The challenge of reducing the carbon footprint of steelmaking,1
1,ArcelorMittal,2018,The need to achieve drastic reductions of carbon emissions,0
1,ArcelorMittal,2018,The need to transition to low-carbon steelmaking,1
1,ArcelorMittal,2019,Technology makes encouraging progress and is potentially ready for significant deployment within 10-20 years,0
1,ArcelorMittal,2019,Access to sufficient and affordable clean energy in supportive countries/regions,5
1,ArcelorMittal,2019,"Even in jurisdictions actively providing financial support to develop and roll out low-emissions technologies, the steel industry will need further support",1
1,ArcelorMittal,2019,"Without effective mechanisms to offset the structurally higher operating costs of deploying these technologies, and affordable access to the clean energy they need, the steel industry will be unable to make the necessary shift needed to meet the goals of the Paris Agreement",1
1,ArcelorMittal,2019,The Company is exposed to the risk of frameworks and regulations being adopted that are ill-adapted to its operations,2
1,ArcelorMittal,2019,"If the metrics adopted in the taxonomy are not appropriate for the Company or if investors begin to view investments in steel and mining as undesirable, it may become more difficult and/or more expensive for the Company to obtain financing",1
1,ArcelorMittal,2019,The world needs to find a new way of doing things that enables further economic and social development while minimising environmental damage,4
1,ArcelorMittal,2019,Success in reducing the carbon footprint of steel requires finding new ways to make steel in a less emissions-intensive process,1
1,ArcelorMittal,2019,"The industrialisation of the world has been powered by fossil fuels, and the steel industry has involved using coal-based products, such as coke, to reduce iron ore in the blast furnace",1
1,ArcelorMittal,2019,The large volumes of steel produced globally mean that the industry emits over three gigatons of CO 2 annually,1
1,ArcelorMittal,2019,"We are committed to the objectives of the Paris Agreement and I want to reassure our stakeholders that we will do our best to contribute effectively to a low-carbon world and, in doing so, help them manage their own risks and ambitions",5
1,ArcelorMittal,2019,We need to develop breakthrough low-emissions steelmaking technologies,1
1,ArcelorMittal,2019,"Steel is integral to the fabric of modern society, and a key enabler of many of the new technologies and clean infrastructure solutions that will deliver the circular economy of the future",1
1,ArcelorMittal,2019,"Already, when used in a range of today’s sustainable applications, such as offshore wind turbines, lightweight electric vehicles and low-energy buildings, steel achieves emissions reductions that are estimated to outweigh emissions associated with its production by a ratio of six to one",1
1,ArcelorMittal,2020,Right market conditions to create a level playing field between steelmakers,1
1,ArcelorMittal,2020,Supportive policy for a low-emission steel industry,1
1,ArcelorMittal,2020,Opportunities for steel to be the material of choice for a low-carbon world,1
1,ArcelorMittal,2020,Pressure to intensify efforts to decarbonise as an industry,5
1,ArcelorMittal,2021,New Group target of a 25% reduction in CO 2 e emissions intensity by 2030,0
1,ArcelorMittal,2021,$565 million allocated to 40 projects with environmental benefits,0
1,ArcelorMittal,2021,XCarb TM steel transformation programme,1
1,ArcelorMittal,2021,Government support for decarbonization technologies,5
1,ArcelorMittal,2021,Public funding covering 50% of the total cost of decarbonization,5
1,ArcelorMittal,2021,Stringent GHG reduction requirements,0
1,ArcelorMittal,2021,Climate Action Report 2 aligned with TCFD and Climate Action 100+,0
1,ArcelorMittal,2021,ResponsibleSteel TM certification,1
1,ArcelorMittal,2021,Commitment to avoid “carbon leakage”,0
1,ArcelorMittal,2021,Compensation for the significantly higher costs of decarbonization,5
1,ArcelorMittal,2021,Partnership approach with local communities to address issues affecting them and their environment,5
1,ArcelorMittal,2021,Decarbonization roadmap to net zero,5
1,ArcelorMittal,2022,Increased risk of financial exposure,2
1,ArcelorMittal,2022,More stringent GHG reduction requirements,0
1,ArcelorMittal,2022,Public funding covering 50% of the total cost of decarbonization,5
1,ArcelorMittal,2022,Governmental and societal support for decarbonization,5
1,ArcelorMittal,2022,Regulatory environment and business environment evolving,2
1,ArcelorMittal,2022,Predictability of the regulatory environment and business environment,2
1,ArcelorMittal,2022,GHG reduction requirements,0
1,ArcelorMittal,2023,"Decrease of steel demand compared to business as usual, due to increased material efficiency and product lifetimes, and increased circularity.",1
1,ArcelorMittal,2023,"Restrictions on clean energy scalability, which can have significant impacts on our decarbonisation costs in some regions.",5
1,ArcelorMittal,2023,Competition from other materials and alternative steel-based technologies could reduce market prices and demand for steel products and thereby reduce ArcelorMittal’s cash flows and profitability.,1
1,ArcelorMittal,2023,"A fair competitive landscape that accounts for the global nature of the steel market, ensuring domestic production and imports are subject to equivalent GHG reduction regulations and incentives, such as a fairly and internationally applied Emissions Trading Scheme (ETS).",1
1,ArcelorMittal,2023,Financial support to innovate and make long-term investments and neutralize the higher operating costs of low and zero carbon-emissions steelmaking.,1
1,ArcelorMittal,2023,Access to sufficient clean energies at affordable price levels.,5
1,ArcelorMittal,2023,Incentives to encourage the consumption of low- and zero-carbon emissions steel over higher carbon emissions steel.,1
1,ArcelorMittal,2023,Creation of clear definitions for low-carbon emissions physical steel to support the steel industry in its transition to net-zero by 2050.,1
1,ArcelorMittal,2023,Public funding covers 50% of the total cost of decarbonization (capital expenditures and higher operating expenses) so that the Company and industry are not rendered uncompetitive during this transition period.,5
1,ArcelorMittal,2024,Regulatory changes and emissions activity arising from climate-related matters,2
1,ArcelorMittal,2024,Need for more stringent global GHG reduction requirements,0
1,ArcelorMittal,2024,Timing of the introduction of GHG reduction requirements and supportive policies,0
1,ArcelorMittal,2024,Achievement of carbon neutrality by 2050,3
1,ArcelorMittal,2024,Introduction of GHG reduction requirements and supportive policies in applicable jurisdictions,0
1,ArcelorMittal,2025,Pressure from markets to remain aligned with decarbonisation.,5
1,ArcelorMittal,2025,Risk to future relevance if ArcelorMittal does not lead the transition.,1
1,ArcelorMittal,2025,Risk that delaying climate action may prove more costly than committing to it.,0
1,ArcelorMittal,2025,"Opportunity for ArcelorMittal to lead the transition with its scale, capital, and technical expertise.",1
1,ArcelorMittal,2025,Opportunity for investment and innovation to drive decarbonisation in steel.,1
1,ArcelorMittal,2025,Commitment to long-term competitiveness in a decarbonising world.,5
1,ArcelorMittal,2025,Commitment to strategic vision for economic viability in a decarbonising world.,5
1,ArcelorMittal,2025,Incentive to act on climate change to avoid worsening the state of the climate and the planet.,0
1,ArcelorMittal,2025,Incentive to move forward with decarbonisation to remain competitive.,5
15,NipponSteel,2014,Regulatory reforms,2
15,NipponSteel,2014,Improvements,0
15,NipponSteel,2014,Pressure to prevent environmental accidents,2
15,NipponSteel,2017,Adoption of the Paris Agreement,5
15,NipponSteel,2017,Plan to cut greenhouse gas emissions in Japan,0
15,NipponSteel,2017,Theoretically infinite recycling of steel,1
15,NipponSteel,2017,Steel production at the world’s top-class energy efficiency,1
15,NipponSteel,2017,Improved fuel economy and reduced CO2 emissions,0
15,NipponSteel,2018,"Concerning collection of waste plastics and other ways, only an increase in the collected volume compared to fiscal 2005 is counted as the amount of reduction in emissions.",0
15,NipponSteel,2018,The primary focus is on a 3 million ton reduction in CO 2 emissions by steelmakers’ own initiatives for efficient use of energy and other ways.,1
15,NipponSteel,2018,"The United Nations has adopted the Sustainable Development Goals (SDGs) and the Paris Agreement has entered into force, which have reinforced corporate responsibility to contribute to the achievement of a sustainable society.",4
15,NipponSteel,2018,"Contributing to the achievement of a sustainable society (SDGs) bases, so that we can steadily deliver unrivaled high-end steel materials with superior resistance to corrosion, high temperature, products and solutions to customers and aim at enhancing cost competitiveness.",1
15,NipponSteel,2018,"Being a company with integrity and reliability is one of our underlying objectives, in addition to generating profit and making sustainable growth through our daily operations.",4
15,NipponSteel,2018,We will continuously work at appropriate risk management and implement solutions to reduce environmental burden with due consideration to the situation at each point of operation.,2
15,NipponSteel,2018,"We comply with laws and regulations, adapt to ordinances, bylaws, and standards, and carry out measures to reduce environmental burden with due consideration to the situation at each point of operation.",2
15,NipponSteel,2018,"We will keep reminding ourselves that environmental risk management, including prevention of unexpected events and accidents, is one of our overriding concerns for our sustainable operations.",2
15,NipponSteel,2019,Commitment to maximize the potential of steel as a material and providing competitive products and solutions.,1
15,NipponSteel,2019,Commitment to sustainable social development.,4
15,NipponSteel,2019,Commitment to integrity and reliability in actions.,4
15,NipponSteel,2019,"Opportunity to contribute to sustainable global growth on the strengths of advanced technologies, products and solutions.",0
15,NipponSteel,2019,Opportunity to be the frontrunner in the world in automation of steelmaking lines and technologies in energy saving and high-grade steel production.,1
15,NipponSteel,2019,Commitment to profit from global demand in steel.,1
15,NipponSteel,2019,"Commitment to the JISF's goal of realizing ""zero-carbon"" steel.",1
15,NipponSteel,2019,"Commitment to the concept of the Environment, Social, and Governance (ESG).",4
15,NipponSteel,2019,Commitment to the very existence and growth of the company.,4
15,NipponSteel,2019,Commitment to the base that supports the very existence and growth of the company.,4
15,NipponSteel,2019,Opportunity to contribute to global environmental improvement.,4
15,NipponSteel,2019,Commitment to the importance of integrity and reliability in actions.,4
15,NipponSteel,2019,Commitment to the maintenance and improvement of corporate value.,4
15,NipponSteel,2019,Commitment to the concept of sustainable development.,4
15,NipponSteel,2019,Commitment to the Sustainable Development Goals.,4
15,NipponSteel,2019,Opportunity to change the demand for steel as a material.,1
15,NipponSteel,2019,Opportunity to develop more light-weighted steel with much higher strength.,1
15,NipponSteel,2019,Opportunity to combine strength of steel with other materials.,1
15,NipponSteel,2019,Opportunity to develop and provide total solutions that incorporate usage and processing technology.,0
15,NipponSteel,2019,Opportunity to make the most of steel as a material.,1
15,NipponSteel,2019,Commitment to the Management Principles.,4
15,NipponSteel,2019,Commitment to the execution and follow-up of ESG initiatives.,4
15,NipponSteel,2019,Commitment to the assessment of outcome through Key Performance Indicators (KPI).,4
15,NipponSteel,2019,Opportunity to contribute to sustainable social development.,4
15,NipponSteel,2019,"Opportunity to contribute to the concept of the Environment, Social, and Governance (ESG).",4
15,NipponSteel,2019,Opportunity to contribute to the very existence and growth of the company.,4
15,NipponSteel,2019,Opportunity to contribute to the base that supports the very existence and growth of the company.,4
15,NipponSteel,2020,Setting of individual companies’ goals on CO 2 emission reduction,0
15,NipponSteel,2020,"Implementation of vision for climate change mitigation, “A challenge towards Steel and R&D and technology adoption related to low CO 2 emission”",1
15,NipponSteel,2020,Curbing of CO 2 emissions,0
15,NipponSteel,2020,The top-runner approach in many steelworks,1
15,NipponSteel,2020,Technology,0
15,NipponSteel,2020,Strength in development and technology,0
15,NipponSteel,2020,Execution of stringent measures on subjects such as individual companies’ scenarios for Zero Carbon formulation,0
15,NipponSteel,2020,"Setting of long-term ratio of our strategic products, such as high-tensile steel selection of products and facilities",1
15,NipponSteel,2021,Need for high-grade electrical steel sheets for realization of carbon neutrality,1
15,NipponSteel,2021,Need for breakthrough technology development in unexplored areas,0
15,NipponSteel,2021,Establishment of zero-carbon steel technology,1
15,NipponSteel,2021,"Installation of a new next-generation hot strip mill for stable, economical mass production",1
15,NipponSteel,2021,Pursuing world-leading technology and manufacturing capabilities,0
15,NipponSteel,2021,Need to enhance competitiveness as a material,0
15,NipponSteel,2021,Contribution to achieving sustainable development and the SDGs,4
15,NipponSteel,2021,Commitment to carbon neutrality and digital transformation,3
15,NipponSteel,2021,Maximizing the potential of steel and enhancing its competitiveness,1
15,NipponSteel,2022,Need for CO2 emission reductions of society,0
15,NipponSteel,2022,Achievement of carbon neutrality by 2050,3
15,NipponSteel,2022,Stable production and continual profit generation,0
15,NipponSteel,2022,Innovative process development,0
15,NipponSteel,2022,Use of advanced ICT and artificial intelligence (AI),0
15,NipponSteel,2022,Improvement of direct contract-technology,0
15,NipponSteel,2022,20% reduction in capacity after implementing the structural measures,2
15,NipponSteel,2022,Carbon neutral targets,3
15,NipponSteel,2022,Medium- to long-term targets for carbon neutrality,3
15,NipponSteel,2022,Government's Clean Energy Strategy,5
15,NipponSteel,2022,Efforts to address climate change through industry organizations,5
15,NipponSteel,2022,Participation in climate change action of the global steel industry,1
15,NipponSteel,2022,Calculation and reporting of CO2 emissions of steel mills using a common global method,1
15,NipponSteel,2022,Achievement of carbon neutral steel and other innovations,1
15,NipponSteel,2022,Leadership in steel technology,1
15,NipponSteel,2022,Development of technology which can become key drivers for carbon neutral steel,1
15,NipponSteel,2023,"Contribution to policy formulation, as exemplified by the recently passed GX Promotion Act and GX Decarbonization Electricity Act",5
15,NipponSteel,2023,"Active development of policy proposals to achieve carbon neutrality by making use of all opportunities with the government, relevant ministries and local governments",3
15,NipponSteel,2023,Efforts to address climate change through industry organizations carbon neutrality in 2050 (GX policy package) and other agendas,3
15,NipponSteel,2023,"Participation in climate change action of the global steel industry, led by the World Steel Association",1
15,NipponSteel,2023,Issuance of green bonds to increase both the capacity and quality of non-oriented electrical steel sheets,1
15,NipponSteel,2023,Raising the retirement age to 65 to contribute to carbon neutrality,3
15,NipponSteel,2023,Hiring of post-doctoral researchers to contribute to carbon neutrality,3
15,NipponSteel,2023,Development of public relations measures to increase recognition among a broad range of generations for carbon neutrality,3
15,NipponSteel,2023,Support for work and family balance to contribute to carbon neutrality,3
15,NipponSteel,2023,Active recruitment of career professionals (including alumni) to contribute to carbon neutrality,3
15,NipponSteel,2023,Raising the starting salaries to contribute to carbon neutrality,3
15,NipponSteel,2023,"Issuance of green bonds to increase both the capacity and quality of non-oriented electrical steel sheets, specifically designed for eco-car drive motors",1
15,NipponSteel,2023,Creation of a global production system in “regions poised for demand growth” and “domains where our technological and product proficiencies can be utilized” to contribute to carbon neutrality,3
15,NipponSteel,2023,R&D resources on a world-class scale to contribute to carbon neutrality,3
15,NipponSteel,2023,Minimal emissions to contribute to carbon neutrality,3
15,NipponSteel,2023,"Air, water, soil contamination risk management to contribute to carbon neutrality",3
15,NipponSteel,2023,Transitioning from raw material interests for stable procurement to “business” to contribute to carbon neutrality,3
15,NipponSteel,2023,Creation of social value to contribute to carbon neutrality,3
15,NipponSteel,2023,Jobs for employees and growth in community to contribute to carbon neutrality,3
15,NipponSteel,2023,Non-steel business products and services to contribute to carbon neutrality,3
15,NipponSteel,2023,Human capital to contribute to carbon neutrality,3
15,NipponSteel,2023,"Safe, reliable living to contribute to carbon neutrality",3
15,NipponSteel,2023,"Environment and energy, urban infrastructure to contribute to carbon neutrality",3
15,NipponSteel,2023,"Energy preservation, climate action, recycle-oriented society to contribute to carbon neutrality",3
15,NipponSteel,2023,"Diversity & Inclusion, and Human Resources Development to contribute to carbon neutrality",3
15,NipponSteel,2023,"Chemicals, Functional materials, composite materials to contribute to carbon neutrality",3
15,NipponSteel,2023,"Disaster prevention and reduction, National Resilience to contribute to carbon neutrality",3
15,NipponSteel,2023,"IT consulting, DX promotion, IT solution, modernization to contribute to carbon neutrality",3
15,NipponSteel,2023,Other group companies to contribute to carbon neutrality,3
15,NipponSteel,2023,Supporting the domestic steel business from upstream to downstream of the value chain to contribute to carbon neutrality,1
15,NipponSteel,2023,Incorporating distribution into its own business domain to contribute to carbon neutrality,3
15,NipponSteel,2023,Infrastructure to build in emerging countries and to rebuild in developed countries to contribute to carbon neutrality,3
15,NipponSteel,2023,Products and technological solutions in growth areas to contribute to carbon neutrality,3
15,NipponSteel,2023,Education for employees and communities to contribute to carbon neutrality,3
15,NipponSteel,2023,Three non-steel segments to contribute to carbon neutrality,1
15,NipponSteel,2023,Companies derived from steelmaking business generate synergy and realize top-class profitability in the respective field to contribute to carbon neutrality,1
15,NipponSteel,2023,Financial capital to contribute to carbon neutrality,3
15,NipponSteel,2023,Robust financial base to contribute to carbon neutrality,3
15,NipponSteel,2023,Social and other related capital to contribute to carbon neutrality,3
15,NipponSteel,2023,2050 as a target for carbon neutrality,3
15,NipponSteel,2023,Development of high-grade steel technology to contribute to carbon neutrality,1
15,NipponSteel,2023,Started use of biomass resources in power stations to contribute to carbon neutrality,3
15,NipponSteel,2023,Evolving into a Further Vertically-integrated Business Structure to contribute to carbon neutrality,3
15,NipponSteel,2023,Process technology to contribute to carbon neutrality,3
15,NipponSteel,2023,Started a blast furnace hydrogen reduction test of the COURSE50 project to contribute to carbon neutrality,1
15,NipponSteel,2023,Completed construction of the first commercial model of an energy-efficient CO 2 separation and recovery facility to contribute to carbon neutrality,3
15,NipponSteel,2023,Developed the next-generation CLC-μ Process for cooling steel plates to contribute to carbon neutrality,1
15,NipponSteel,2023,Three Wealth of steel products and solution proposals for diverse applications to contribute to carbon neutrality,1
15,NipponSteel,2023,Contribution to SDGs in society non-steel to contribute to carbon neutrality,1
15,NipponSteel,2023,From “procurement” to “business” segments to contribute to carbon neutrality,3
15,NipponSteel,2023,Flat products to contribute to carbon neutrality,3
15,NipponSteel,2023,Pipes & tubes to contribute to carbon neutrality,3
15,NipponSteel,2023,Overseas steel business to contribute to carbon neutrality,1
15,NipponSteel,2023,Material Bars & wire rods to contribute to carbon neutrality,3
15,NipponSteel,2023,Domestic steel business to contribute to carbon neutrality,1
15,NipponSteel,2023,Construction products to contribute to carbon neutrality,3
15,NipponSteel,2023,Mother mills in Japan—a source of technological prowess to contribute to carbon neutrality,1
15,NipponSteel,2023,Overseas production bases that capture growth to contribute to carbon neutrality,3
15,NipponSteel,2023,Deepening and expansion to contribute to carbon neutrality,3
15,NipponSteel,2023,"Increase in the world’s steel demand, mainly in emerging countries as an opportunity for carbon neutrality",1
15,NipponSteel,2023,Gradual decrease in domestic steel demand in line with the declining population as an opportunity for carbon neutrality,1
15,NipponSteel,2023,"Growth in demand for high-grade steel, including new demand related to carbon neutrality as an opportunity for carbon neutrality",1
15,NipponSteel,2023,Increasing challenges of steel product exports from Japan due to the growing trend toward local production in various regions of the world as an opportunity for carbon neutrality,1
15,NipponSteel,2023,Establishment of carbon neutral steelmaking technology as an opportunity to reestablish overwhelming superiority in the global steel industry as an opportunity for carbon neutrality,1
15,NipponSteel,2023,"Increasing market volatility in prices of raw materials and products, driven by the supply/demand trend in China, accounting for the majority of the global market as an opportunity for carbon neutrality",1
15,NipponSteel,2023,Four pillars of the Medium- to Long-Term Management Plan and evolution into a new further vertically-integrated business structure as an opportunity for carbon neutrality,3
15,NipponSteel,2023,Measures for all four pillars have been implemented according to the roadmap and based on our long-term outlook as an opportunity for carbon neutrality,3
15,NipponSteel,2023,Rebuilding of our domestic steel business to contribute to carbon neutrality,1
15,NipponSteel,2023,Establishment of an efficient and strong production framework at the earliest possible time to contribute to carbon neutrality,3
15,NipponSteel,2023,Rebuilding the earnings base of our domestic mother mills to contribute to carbon neutrality,1
15,NipponSteel,2023,Materiality with due consideration of the corporate philosophy and priorities in manufacturing to contribute to carbon neutrality,3
15,NipponSteel,2023,Pledging to contribute to the creation of a society oriented toward environmental conservation and with low environmental impact to contribute to carbon neutrality,3
15,NipponSteel,2023,"Efforts aimed at carbon neutrality by 2050 from two aspects: Provision of high-performance steel products and solutions to reduce CO 2 emission of the society as a whole, and breakthrough technology development to decarbonize steelmaking processes to contribute to carbon neutrality",1
15,NipponSteel,2023,"Contribution to society by providing excellent products and services, and distributing profit to employees, government, shareholders, and other stakeholders to contribute to carbon neutrality",3
15,NipponSteel,2024,Opportunities in demand growth for low-carbon steel,1
15,NipponSteel,2024,Some shift to EAF steel with low CO2 emissions in production,1
15,NipponSteel,2024,Continued increase in demand for BF steel due to insufficient increase in EAF steel to satisfy growing worldwide demand,1
15,NipponSteel,2024,"Accelerate the Carbon Neutral Vision (breakthrough technology development, including high-grade steel production in large-sized EAFs and hydrogen steelmaking)",1
15,NipponSteel,2024,Promote the use of direct reduced iron and other measures to reduce CO2 emissions in existing processes,1
15,NipponSteel,2024,Supply of NSCarbolex TM Neutral,3
15,NipponSteel,2024,Needs for a fundamental review of the steelmaking process aimed for decarbonization,1
15,NipponSteel,2024,Facilitate the development and implementation of breakthrough technologies by utilizing government support such as the Green Innovation Fund,0
15,NipponSteel,2024,Potential to gain a great competitive advantage if our technological development and investments advance ahead of global peers,0
15,NipponSteel,2024,Increase in investment burden and operating cost for the introduction of breakthrough technologies,0
15,NipponSteel,2024,Carbon Neutral Vision,3
15,NipponSteel,2024,R&D Activities,0
15,NipponSteel,2024,Intellectual Property Activities,0
15,NipponSteel,2024,Opportunities in demand growth for high-grade steel,1
15,NipponSteel,2024,"Increase in demand for high-tensile steel, carbon fiber-reinforced plastic (CFRP), titanium, etc.",1
15,NipponSteel,2024,Acquiring new facilities will enable us to turn our technological expertise into actual profits,0
15,NipponSteel,2024,Promotion of measures against climate change by implementing the Carbon Neutral Vision,3
15,NipponSteel,2025,Achieving carbon neutrality in steel production processes by 2050,1
15,NipponSteel,2025,Development of a GX Steel market,1
15,NipponSteel,2025,Maintaining a sound financial foundation to achieve stable high performance,4
15,NipponSteel,2025,Enhancing competitiveness through the value chain,0
15,NipponSteel,2025,Use of by-product gases generated in steelmaking,1
15,NipponSteel,2025,Development of Nonframe method for earthquake-resistance steel materials,1
15,NipponSteel,2025,Prevention of harassment,2
15,NipponSteel,2025,Promotion of measures against climate change by implementing the Carbon Neutral Vision,3
15,NipponSteel,2025,Development and provision of NSCarbolex Solution products that contribute to reducing CO2 emissions in society,3
15,NipponSteel,2025,Provision of titanium and stainless steel for seawater desalination plants,1
15,NipponSteel,2025,Provision of lining steel pipes for delivery of clean water,1
15,NipponSteel,2025,Regeneration of seaweed beds with the use of steel slag,1
15,NipponSteel,2025,Partnership with U.S. Steel Corporation for carbon neutrality,1
15,NipponSteel,2025,Promotion of intellectual property activities,0
15,NipponSteel,2025,Development of hydroformed steel tubes for suspension components,1
15,NipponSteel,2025,Development of titanium alloys for mufflers and aircraft,1
15,NipponSteel,2025,Development of TranTixxii TP method and titanium foil method,1
15,NipponSteel,2025,Development of stainless steel cold-rolled sheets and plates,1
15,NipponSteel,2025,Development of steel products that contribute to reducing CO2 emissions in society,1
