company,country,technology,transformation_tech,year,production,scope1,scope2_location,scope2_market,scope_1_2_location,intensity_location_co2e,intensity_market_co2e,cdp_climate_score,cap_supplier_engagement,ecovadis,ESG_transparency,SBTi_validated,responsible_steel,iso_14001,iso_14064,iso_45001,data_quality,notes,Unnamed: 23,carbon_price,electricity_price,electricity_price_eu,coal_price_australia,iron_ore_price,natural_gas_price,natural_gas_price_eu,crude_steel_production,crude_steel_production_eu,capacity_utilisation_eu,ETS_coke_production,ETS_metal_ore,ETS_iron_steel,ETS_hydrogen_gas,SCI,hydrogen_use,free_allocation,ETS_free_ratio,ETS,CBAM,IED_update,green_deal,NZIA,CSP_funding,GPP,CSR,paris,KSG,ESRS,glasgow,govt_change,govt_change_DE,govt_change_IT,govt_change_SE,govt_change_NL,govt_change_ES,govt_change_FI,govt_change_FR,govt_change_LU,govt_change_GB,govt_change_AT,EU_parl,EU_comm,Construction/ Infrastructure (C/I),Automotive/ Mobility (A/M),Energy/Power (E/P),Wind/Solar Energy (W/S),Oil & Gas/ Pipelines (O/G),Mechanical Eng./ Industrial Apps (ME/IA),Railways/ Track Systems (R/TS),Aerospace/ Aviation (A/A),HH Appliances/ Consumer Goods (HA/CG),Packaging/Food Industry (P/FI),client_pressure_score,carbon_intensity
ArcelorMittal,Luxembourg,BF-BOF,,2013,90.9,162.0,18.0,,180.0,1.98,,,,,,,,,,,Excellent,Historical portfolio,,4.3,0.0992,0.118,0.007406618,92.87195897,0.04795,0.04115,2.1,165.7,68.6,,,362246.0,,0.172498095,,304146.0,0.839611756,3.0,,,,,,,,,,,,1.0,1.0,1.0,,,,,,1.0,,1.0,,,1.0,1.0,1.0,1.0,1.0,0.0,1.0,0.0,0.0,1.0,13.8,1.782178217821782
ArcelorMittal,Luxembourg,BF-BOF,,2014,93.4,167.0,14.0,,181.0,1.94,,,,,,,,,,,Excellent,Historical portfolio,,5.9,0.0997,0.1198,0.006225997,67.42338428,0.041,0.03835,2.2,169.2,70.1,,,391889.0,,0.178131364,,298864.0,0.76262411,3.0,,,,,,1.0,1.0,,,,,,,1.0,1.0,,,1.0,1.0,,,,1.0,1.0,1.0,1.0,1.0,1.0,1.0,0.0,1.0,0.0,0.0,1.0,13.8,1.7880085653104925
ArcelorMittal,Luxembourg,BF-BOF,,2015,92.7,168.0,14.0,,182.0,1.96,,,,,,,,,,,Excellent,Historical portfolio,,7.6,0.09105,0.1158,0.006929105,51.43696783,0.03835,0.0356,2.1,166.1,69.6,,,385062.0,,0.183362857,,293517.0,0.762259065,3.0,,,,,,,,1.0,,,,,,,,,,1.0,,,1.0,,,,1.0,1.0,1.0,1.0,1.0,0.0,1.0,0.0,0.0,1.0,13.8,1.8122977346278317
ArcelorMittal,Luxembourg,BF-BOF,,2016,90.4,167.0,12.0,,179.0,1.98,,,,,,,,,,,Excellent,Historical portfolio,,5.2,0.08655,0.1122,0.008110017,56.13143908,0.0341,0.0313,2.3,162.3,69.5,,,382045.0,,0.166106522,,288118.0,0.754146763,3.0,,1.0,,,,,,,,,,,,1.0,,,,,1.0,,1.0,1.0,,,1.0,1.0,1.0,1.0,1.0,0.0,1.0,0.0,0.0,1.0,13.8,1.8473451327433628
ArcelorMittal,Luxembourg,BF-BOF,,2017,92.9,170.0,13.0,,183.0,1.97,,,,,,,,,,,Excellent,Historical portfolio,,5.8,0.07915,0.11275,0.010276933,65.26184397,0.03185,0.0296,2.2,168.7,73.5,,,376127.0,,0.170966818,,282660.0,0.751501488,3.0,,1.0,,,,,2.0,,,,,,,,,1.0,,,1.0,,,1.0,,,1.0,1.0,1.0,1.0,1.0,0.0,1.0,0.0,0.0,1.0,13.8,1.8299246501614639
ArcelorMittal,Luxembourg,BF-BOF,,2018,92.5,167.1,11.9,,179.0,1.94,,,,,,,,,,,Excellent,Historical portfolio,,15.5,0.08395,0.1131,0.011356758,57.98030254,0.03255,0.03155,2.2,167.6,73.1,,,375410.0,,0.170640909,,277149.0,0.738256839,3.0,,,,,,,,,,,,1.0,1.0,1.0,,,1.0,,,1.0,,,,,1.0,1.0,1.0,1.0,1.0,0.0,1.0,0.0,0.0,1.0,13.8,1.8064864864864865
ArcelorMittal,Luxembourg,BF-BOF,,2019,89.8,161.2,10.2,,171.4,1.91,,,,,,,,,,,Excellent,Historical portfolio,,24.7,0.09005,0.1205,0.008927396,84.26424977,0.0309,0.03225,2.1,159.4,69.6,,,359300.0,,0.171095238,,271566.0,0.755819649,3.0,,,communicated,,,,,,1.0,,,,,1.0,1.0,,,1.0,,,1.0,1.0,1.0,1.0,1.0,1.0,1.0,1.0,1.0,0.0,1.0,0.0,0.0,1.0,13.8,1.795100222717149
ArcelorMittal,Luxembourg,BF-BOF,,2020,71.5,131.2,7.9,,139.1,1.95,,,,,,,,,,,Excellent,Historical portfolio; Includes divested operations,,24.4,0.0933,0.1257,0.006938629,97.39234831,0.02935,0.02925,1.886,138.8,62.1,,,326864.0,,0.17331071,,265967.0,0.813693157,3.0,,,,,,,,,,,,,,,,,1.0,,1.0,,,1.0,,,1.0,1.0,1.0,1.0,1.0,0.0,1.0,0.0,0.0,1.0,13.8,1.8349650349650348
ArcelorMittal,Luxembourg,BF-BOF,,2021,67.9,122.6,6.3,,128.9,2.02,,,,,,,,,,,Excellent,Adjusted portfolio,,52.5,0.0964,0.13685,0.013621893,124.9926654,0.0389,0.03605,2.073,149.6,71.7,,,340591.0,,0.164298601,,284402.0,0.835025001,4.0,,,,,1.0,,,,,,1.0,,1.0,1.0,1.0,,,,,,,1.0,,,1.0,1.0,1.0,1.0,1.0,0.0,1.0,0.0,0.0,1.0,13.8,1.8055964653902796
ArcelorMittal,Luxembourg,BF-BOF,,2022,56.3,105.5,6.0,,111.5,1.98,,,,,,,,,,,Good,Adjusted portfolio,,80.32,0.1403,0.1972,0.035601772,98.08378154,0.0957,0.07615,1.875,136.4,64.0,,,289753.0,,0.154534933,,284063.0,0.980362585,4.0,,,,,1.0,2.0,,,,1.0,,,,1.0,1.0,1.0,,,1.0,,1.0,,,,1.0,1.0,1.0,1.0,1.0,0.0,1.0,0.0,0.0,1.0,13.8,1.8738898756660747
ArcelorMittal,Luxembourg,BF-BOF,,2023,55.7,101.8,8.5,,110.3,1.98,,,,,,,,,,,Good,Adjusted portfolio,,84.0,0.24135,0.2077,0.017881373,97.74855755,0.10435,0.07575,1.9,126.3,60.1,,,299937.0,,0.157861579,,275914.0,0.919906514,4.0,1.0,,,,1.0,,,,,2.0,,1.0,,,,,1.0,1.0,,1.0,,,,,1.0,1.0,1.0,1.0,1.0,0.0,1.0,0.0,0.0,1.0,13.8,1.8276481149012567
ArcelorMittal,Luxembourg,BF-BOF,,2024,53.9,95.2,5.5,,100.7,1.87,,,,,,,,,,,Good,Adjusted portfolio,,65.0,0.2044,0.1913,0.013949641,87.80313684,0.0716,0.06295,1.825,129.5,65.4,,,295516.0,,0.161926575,,246521.0,0.834205255,4.0,1.0,,,1.0,1.0,,,,,,,,,,,1.0,,,1.0,,1.0,,1.0,1.0,1.0,1.0,1.0,1.0,1.0,0.0,1.0,0.0,0.0,1.0,13.8,1.7662337662337664
ArcelorMittal Europe,Europe (Multi-country),BF-BOF,,2018,39.6,,,,67.4,1.7,,,,,,,,,,,Good,Adjusted portfolio,,15.5,0.1131,0.1131,0.011356758,57.98030254,0.03155,0.03155,167.6,167.6,73.1,11096868.0,2823401.0,121641513.0,8425794.0,0.725784684,0.069267422,146539199.0,1.204680831,3.0,,,,,,,,,,,,,,,,,,,,,,,,,1.0,1.0,1.0,1.0,1.0,0.0,1.0,0.0,0.0,1.0,13.8,
ArcelorMittal Europe,Europe (Multi-country),BF-BOF,,2019,37.3,,,,63.8,1.71,,,,,,,,,,,Good,Adjusted portfolio,,24.7,0.1205,0.1205,0.008927396,84.26424977,0.03225,0.03225,159.4,159.4,69.6,10047163.0,2733644.0,118160025.0,9277304.0,0.741279956,0.078514743,145956197.0,1.235241758,3.0,,,,,,,,,,,,,,,,,,,,,,,,,1.0,1.0,1.0,1.0,1.0,0.0,1.0,0.0,0.0,1.0,13.8,
ArcelorMittal Europe,Europe (Multi-country),BF-BOF,,2020,30.5,,,,51.2,1.68,,,,,,,,,,,Good,Adjusted portfolio,,24.4,0.1257,0.1257,0.006938629,97.39234831,0.02925,0.02925,138.8,138.8,62.1,4866924.0,2260832.0,98505918.0,8223765.0,0.709696816,0.083484984,137126291.0,1.39206145,3.0,,,,,,,,,,,,,,,,,,,,,,,,,1.0,1.0,1.0,1.0,1.0,0.0,1.0,0.0,0.0,1.0,13.8,
ArcelorMittal Europe,Europe (Multi-country),BF-BOF,,2021,35.6,,,,59.1,1.66,,,,,,,,,,,Good,Adjusted portfolio,,52.5,0.13685,0.13685,0.013621893,124.9926654,0.03605,0.03605,149.6,149.6,71.7,5552066.0,2403750.0,112925005.0,8209619.0,0.75484629,0.072699744,131310517.0,1.1628117,4.0,,,,,1.0,,,,,,,,,,,,,,,,,,,,1.0,1.0,1.0,1.0,1.0,0.0,1.0,0.0,0.0,1.0,13.8,
ArcelorMittal Europe,Europe (Multi-country),BF-BOF,,2022,31.9,,,,53.3,1.67,,,,,,,,,,,Good,Adjusted portfolio,,80.32,0.1972,0.1972,0.035601772,98.08378154,0.07615,0.07615,136.4,136.4,64.0,5403405.0,2016531.0,102433227.0,7432523.0,0.750976738,0.072559688,132093266.0,1.289554863,4.0,,,,,1.0,,,,,,,,,,,,,,,,,,,,1.0,1.0,1.0,1.0,1.0,0.0,1.0,0.0,0.0,1.0,13.8,
ArcelorMittal Europe,Europe (Multi-country),BF-BOF,,2023,28.8,,,,48.4,1.68,,,,,,,,,,,Good,Adjusted portfolio,,84.0,0.2077,0.2077,0.017881373,97.74855755,0.07575,0.07575,126.3,126.3,60.1,4956877.0,1689591.0,94126500.0,7906685.0,0.745261283,0.084000627,133343865.0,1.416645312,4.0,1.0,,,,1.0,,,,,,,,,,,,,,,,,,,,1.0,1.0,1.0,1.0,1.0,0.0,1.0,0.0,0.0,1.0,13.8,
ArcelorMittal Europe,Europe (Multi-country),BF-BOF,,2024,31.2,,,,50.5,1.62,,,,,,,,,,,Good,Adjusted portfolio,,65.0,0.1913,0.1913,0.013949641,87.80313684,0.06295,0.06295,129.5,129.5,65.4,4895461.0,1757647.0,93141719.0,8001593.0,0.719241073,0.085907723,119015753.0,1.277792103,4.0,1.0,,,,1.0,,,,,,,,,,,,,,,,,,,,1.0,1.0,1.0,1.0,1.0,0.0,1.0,0.0,0.0,1.0,13.8,
Celsa Group,Spain,EAF,,2020,4.09,0.518,0.309,,0.827,0.202,,,,,,,Yes (migrating to 45001),Yes,,,Good,Only location-based Scope 2 available (0.309 Mt); COVID-19 impact visible in lower production; ISO 14001 main facilities; ISO 45001 migration from OHSAS 18001 ongoing; ISO 9001 main facilities; SustSteel verified BV; Production p.079 SR2020; Emissions p.102-103 SR2020,,24.4,0.11255,0.1257,0.006938629,97.39234831,0.02605,0.02925,11.142,138.8,62.1,25457.0,160516.0,5101081.0,772155.0,0.457824538,0.151370856,7601701.0,1.490213741,3.0,,,,,,,,,,,,1.0,,,,,1.0,,1.0,,,1.0,,,1.0,1.0,1.0,0.0,0.0,1.0,0.0,0.0,0.0,0.0,8.0,0.12665036674816627
Celsa Group,Spain,EAF,,2021,6.6,0.785,1.023,1.416,1.808,0.274,0.333,,,,,,,Yes,Yes,,Excellent,"Location-based (0.274) and market-based (0.333) available; Strong production recovery post-COVID (+61% vs 2020); ISO 14001 main facilities; ISO 45001 main plants; ISO 50001 (Barcelona + France); EMAS Spain (GSW, Atlantic, Barcelona); SustSteel verified BV; Working on AENOR N (first steel sector); Production p.007, p.009 SR2021; Emissions p.067, p.071 SR2021",,52.5,0.12665,0.13685,0.013621893,124.9926654,0.02875,0.03605,14.234,149.6,71.7,27881.0,167036.0,6604935.0,795615.0,0.464025221,0.120457658,6605672.0,1.000111583,4.0,,,,,1.0,,,,,,1.0,,1.0,1.0,1.0,,,,,,,1.0,,,1.0,1.0,1.0,0.0,0.0,1.0,0.0,0.0,0.0,0.0,8.0,0.11893939393939396
Celsa Group,Spain,EAF,,2022,5.518,0.656,0.765,0.995,1.421,0.258,0.299,B,,,,Committed (1.5°C),,,Yes,Yes,Excellent,Location-based (0.258) and market-based (0.299) av,,80.32,0.20405,0.1972,0.035601772,98.08378154,0.0888,0.07615,11.464,136.4,64.0,28853.0,159517.0,5937730.0,845284.0,0.517945743,0.142358107,6702338.0,1.128771096,4.0,,,,,1.0,2.0,,,,1.0,,,,1.0,1.0,1.0,,,1.0,,1.0,,,,1.0,1.0,1.0,0.0,0.0,1.0,0.0,0.0,0.0,0.0,8.0,0.11888365349764408
Celsa Group,Spain,EAF,,2023,6.296,0.634,0.816,0.979,1.45,0.23,0.256,B,,,,Validated (1.5°C),,,Yes (main plants),Yes (main facilities),Excellent,Both location-based (0.230) and market-based (0.25,,84.0,0.15665,0.2077,0.017881373,97.74855755,0.0618,0.07575,11.352,126.3,60.1,29449.0,120711.0,5304746.0,835336.0,0.467296159,0.157469557,8072808.0,1.521808584,4.0,1.0,,,,1.0,,,,,2.0,,1.0,,,,,1.0,1.0,,1.0,,,,,1.0,1.0,1.0,0.0,0.0,1.0,0.0,0.0,0.0,0.0,8.0,0.10069885641677255
Celsa Group,Spain,EAF,,2024,6.234,0.614,0.755,0.933,1.369,0.22,0.245,B,,,,Validated (1.5°C),,,Yes (main plants),Yes (main sites),Excellent,Both location-based (0.220) and market-based (0.24,,65.0,0.13985,0.1913,0.013949641,87.80313684,0.0475,0.06295,11.832,129.5,65.4,30377.0,114696.0,5911823.0,756141.0,0.499646974,0.127903187,6295205.0,1.064850047,4.0,1.0,,,1.0,1.0,,,,,,,,,,,1.0,,,1.0,,1.0,,1.0,1.0,1.0,1.0,1.0,0.0,0.0,1.0,0.0,0.0,0.0,0.0,8.0,0.0984921398780879
Outokumpu,Finland,EAF Stainless,,2013,2.585,1.267,,1.267,,,0.98,CDP Leadership (CDLI + CPLI),,RobecoSAM Silver Class 2014,,No,No,Yes,,,Good,Baseline year,,4.3,0.0749,0.118,0.007406618,92.87195897,0.04765,0.04115,3.5,165.7,68.6,,8652.0,4357385.0,,1.244967143,,4445759.0,1.02028143,3.0,,,,,,,,,,,,,1.0,1.0,,,,,,1.0,,1.0,,,1.0,1.0,1.0,1.0,0.0,1.0,0.0,0.0,1.0,0.0,12.2,0.49013539651837523
Outokumpu,Finland,EAF Stainless,,2014,2.544,1.221,,1.196,,,0.95,,,,,No,No,Yes,,,Good,Baseline year,,5.9,0.0728,0.1198,0.006225997,67.42338428,0.0466,0.03835,3.8,169.2,70.1,,7864.0,4544269.0,,1.195860263,,4364502.0,0.960440942,3.0,,,,,,1.0,1.0,,,,,1.0,,1.0,1.0,,,1.0,1.0,,,,1.0,1.0,1.0,1.0,1.0,1.0,0.0,1.0,0.0,0.0,1.0,0.0,12.2,0.4799528301886793
Outokumpu,Finland,EAF Stainless,,2015,2.381,1.119,,1.143,,,0.95,100 (Nordic CDLI - 6th consecutive year),,,,No,No,In progress (completed Q1 2016),,,Good,Baseline year,,7.6,0.07065,0.1158,0.006929105,51.43696783,0.0434,0.0356,4.0,166.1,69.6,,7827.0,4703761.0,,1.17594025,,4282797.0,0.910504807,3.0,,,,,,,,1.0,,,,1.0,,,,,,1.0,,,1.0,,,,1.0,1.0,1.0,1.0,0.0,1.0,0.0,0.0,1.0,0.0,12.2,0.4699706005879883
Outokumpu,Finland,EAF Stainless,,2016,2.444,1.214,,1.211,,,0.99,,,,,Committed (joined 2016 - validated Dec 2021),No,Yes (completed Q1 2016),,,Excellent,Baseline year,,5.2,0.06895,0.1122,0.008110017,56.13143908,0.0427,0.0313,4.1,162.3,69.5,,7310.0,4891081.0,,1.192946585,,4200768.0,0.858862898,3.0,,1.0,,,,,,,,,,,,1.0,,,,,1.0,,1.0,1.0,,,1.0,1.0,1.0,1.0,0.0,1.0,0.0,0.0,1.0,0.0,12.2,0.4967266775777414
Outokumpu,Finland,EAF Stainless,,2017,2.448,1.053,,1.151,,,0.9,,,,,Committed (2°C scenario - validated Dec 2021),No,Yes,,In implementation,Good,Market-based estimated from 2025 presentation char,,5.8,0.06715,0.11275,0.010276933,65.26184397,0.04975,0.0296,4.0,168.7,73.5,,8246.0,4516679.0,,1.12916975,,4119380.0,0.912037362,3.0,,1.0,,,,,2.0,,,,,,,,,1.0,,,1.0,,,1.0,,,1.0,1.0,1.0,1.0,0.0,1.0,0.0,0.0,1.0,0.0,12.2,0.4301470588235294
Outokumpu,Finland,EAF Stainless,,2018,2.428,1.044,,1.093,,,0.88,,,ISSF Gold Award 2018,,Committed (20% by 2023 target approved - validated Dec 2021),No,Yes,Yes,,Fair,Methodology change,,15.5,0.0694,0.1131,0.011356758,57.98030254,0.05735,0.03155,4.1,167.6,73.1,,7282.0,4807428.0,,1.172543415,,4037287.0,0.839801865,3.0,,,,,,,,,,,,,1.0,1.0,,,1.0,,,1.0,,,,,1.0,1.0,1.0,1.0,0.0,1.0,0.0,0.0,1.0,0.0,12.2,0.42998352553542013
Outokumpu,Finland,EAF Stainless,,2019,2.196,0.944,,1.032,,,0.9,,,,,Committed (well below 2°C - validated Dec 2021),Member (joined 2019),Yes,Yes,,Fair,Market-based estimated from 2025 presentation char,,24.7,0.0715,0.1205,0.008927396,84.26424977,0.0591,0.03225,3.5,159.4,69.6,,8732.0,4068769.0,,1.162505429,,3954262.0,0.97185709,3.0,,,communicated,,,,,,1.0,,,1.0,,1.0,1.0,,,1.0,,,1.0,1.0,1.0,1.0,1.0,1.0,1.0,1.0,0.0,1.0,0.0,0.0,1.0,0.0,12.2,0.4298724954462659
Outokumpu,Finland,EAF Stainless,,2020,2.121,0.976,,0.551,,,0.72,,,,,Committed (preparing validation - validated Dec 2021),Member,Yes,Yes,,Good,COVID-19 impact,,24.4,0.0727,0.1257,0.006938629,97.39234831,0.05015,0.02925,3.498,138.8,62.1,,9378.0,4039810.0,,1.154891366,,3871031.0,0.958221055,3.0,,,,,,,,,,,,,,,,,1.0,,1.0,,,1.0,,,1.0,1.0,1.0,1.0,0.0,1.0,0.0,0.0,1.0,0.0,12.2,0.46016030174446015
Outokumpu,Finland,EAF Stainless,,2021,2.395,1.196,0.582,0.544,1.778,0.742,0.727,,,,[CHECK],Yes (Dec 2021),No,Yes,,[CHECK],Excellent,Includes divested operations,,52.5,0.0738,0.13685,0.013621893,124.9926654,0.08045,0.03605,4.34,149.6,71.7,,8984.0,5012511.0,,1.154956452,,4063786.0,0.810728595,4.0,,,,,1.0,,,,,,1.0,,1.0,1.0,1.0,,,,,,,1.0,,,1.0,1.0,1.0,1.0,0.0,1.0,0.0,0.0,1.0,0.0,12.2,0.4993736951983298
Outokumpu,Finland,EAF Stainless,,2022,2.106,1.043,0.46,0.368,1.503,0.714,0.67,,,,,Yes,No (process started),Yes,,,Excellent,Includes divested operations,,80.32,0.0979,0.1972,0.035601772,98.08378154,0.15925,0.07615,3.538,136.4,64.0,,6669.0,4300088.0,,1.215400791,,4058497.0,0.943817196,4.0,,,,,1.0,2.0,,,,1.0,,,,1.0,1.0,1.0,,,1.0,,1.0,,,,1.0,1.0,1.0,1.0,0.0,1.0,0.0,0.0,1.0,0.0,12.2,0.4952516619183286
Outokumpu,Finland,EAF Stainless,,2023,1.906,1.013,0.457,0.142,1.47,0.771,0.606,,,Platinum,,Yes,Pending (certification process finalized),Yes,,,Excellent,Both location-based (0.771) and market-based (0.60,,84.0,0.0921,0.2077,0.017881373,97.74855755,0.10705,0.07575,3.811,126.3,60.1,,7969.0,4408290.0,,1.156727893,,4058769.0,0.920712793,4.0,1.0,,,,1.0,,,,,2.0,,1.0,,,,,1.0,1.0,,1.0,,,,,1.0,1.0,1.0,1.0,0.0,1.0,0.0,0.0,1.0,0.0,12.2,0.5314795383001049
Outokumpu,Finland,EAF Stainless,,2024,1.83,0.732,,0.183,,,0.5,,,Platinum,Leading Company Award,Yes,Yes (FI/SE/DE),Yes,,Partial (Avesta/Nyby/Calvert/Castelleone),Excellent,Market-based Scope 2 only (0.1 tCO2/t); deliveries,,65.0,0.0828,0.1913,0.013949641,87.80313684,0.0883,0.06295,3.664,129.5,65.4,,5610.0,4304796.0,88007.0,1.174889738,0.020443942,4058451.0,0.942774292,4.0,1.0,,,1.0,1.0,,,,,,,,,,,1.0,,,1.0,,1.0,,1.0,1.0,1.0,1.0,1.0,1.0,0.0,1.0,0.0,0.0,1.0,0.0,12.2,0.39999999999999997
SSAB,Sweden,BF-BOF,H₂-DRI,2013,7.519,10.399,0.506,,10.905,1.450325841202288,,,,,,,,,,,Excellent,HYBRIT transformation; fossil-free steel from 2021,,4.3,0.07755,0.118,0.007406618,92.87195897,0.055,0.04115,4.4,165.7,68.6,,669101.0,3346559.0,,0.760581591,,5729204.0,1.711968622,3.0,,,,,,,,,,,,,1.0,1.0,,,,,,1.0,,1.0,,,1.0,1.0,1.0,0.0,0.0,1.0,1.0,0.0,0.0,0.0,10.5,1.3830296581992285
SSAB,Sweden,BF-BOF,H₂-DRI,2014,7.305,10.173,0.513,,10.686,1.462833675564682,,,,,,,,,,,Excellent,HYBRIT transformation; fossil-free steel from 2021,,5.9,0.0687,0.1198,0.006225997,67.42338428,0.047,0.03835,4.5,169.2,70.1,,675214.0,3401705.0,,0.755934444,,5626840.0,1.654123447,3.0,,,,,,1.0,1.0,,,,,1.0,,1.0,1.0,,,1.0,1.0,,,,1.0,1.0,1.0,1.0,1.0,0.0,0.0,1.0,1.0,0.0,0.0,0.0,10.5,1.3926078028747433
SSAB,Sweden,BF-BOF,H₂-DRI,2015,6.961,9.803,0.449,,10.252,1.472776899870708,,,,,,,,,,,Excellent,HYBRIT transformation; fossil-free steel from 2021,,7.6,0.0606,0.1158,0.006929105,51.43696783,0.04335,0.0356,4.4,166.1,69.6,,628659.0,3710824.0,,0.843369091,,5523460.0,1.488472641,3.0,,,,,,,,1.0,,,,,,,,,,1.0,,,1.0,,,,1.0,1.0,1.0,0.0,0.0,1.0,1.0,0.0,0.0,0.0,10.5,1.408274673179141
SSAB,Sweden,BF-BOF,H₂-DRI,2016,7.079,9.845,0.434,,10.279,1.45204124876395,,,,,,,,,,,Excellent,HYBRIT transformation; fossil-free steel from 2021,,5.2,0.0636,0.1122,0.008110017,56.13143908,0.03785,0.0313,4.6,162.3,69.5,,677178.0,3681142.0,,0.800248261,,5417005.0,1.471555566,3.0,,1.0,,,,,,,,,,,,1.0,,,,,1.0,,1.0,1.0,,,1.0,1.0,1.0,0.0,0.0,1.0,1.0,0.0,0.0,0.0,10.5,1.3907331544003392
SSAB,Sweden,BF-BOF,H₂-DRI,2017,7.343,10.338,0.369,,10.707,1.458123382813564,,,,,,,,,,,Excellent,HYBRIT transformation; fossil-free steel from 2021,,5.8,0.06475,0.11275,0.010276933,65.26184397,0.0543,0.0296,4.7,168.7,73.5,,711984.0,3521596.0,,0.749275745,,5311729.0,1.50833003,3.0,,1.0,,,,,2.0,,,,,,,,,1.0,,,1.0,,,1.0,,,1.0,1.0,1.0,0.0,0.0,1.0,1.0,0.0,0.0,0.0,10.5,1.4078714421898406
SSAB,Sweden,BF-BOF,H₂-DRI,2018,7.328,10.391,0.328,,10.719,1.462745633187773,,,,,,,,,,,Excellent,HYBRIT transformation; fossil-free steel from 2021,,15.5,0.07055,0.1131,0.011356758,57.98030254,0.0619,0.03155,4.7,167.6,73.1,,652815.0,3206354.0,,0.682202979,,5189908.0,1.618632253,3.0,,,,,,,,,,,,,1.0,1.0,,,1.0,,,1.0,,,,,1.0,1.0,1.0,0.0,0.0,1.0,1.0,0.0,0.0,0.0,10.5,1.4179858078602618
SSAB,Sweden,BF-BOF,H₂-DRI,2019,6.683,9.593,0.253,,9.846,1.473290438425857,,,,,,,,,,,Excellent,HYBRIT transformation; fossil-free steel from 2021,,24.7,0.0733,0.1205,0.008927396,84.26424977,0.05135,0.03225,4.7,159.4,69.6,,668076.0,4457024.0,,0.948302979,,5098193.0,1.143855855,3.0,,,communicated,,,,,,1.0,,,1.0,,1.0,1.0,,,1.0,,,1.0,1.0,1.0,1.0,1.0,1.0,1.0,0.0,0.0,1.0,1.0,0.0,0.0,0.0,10.5,1.4354331886877152
SSAB,Sweden,BF-BOF,H₂-DRI,2020,7.056,9.989,0.275,,10.264,1.454648526077098,,,,,,,,,,,Excellent,HYBRIT transformation; fossil-free steel from 2021,,24.4,0.06315,0.1257,0.006938629,97.39234831,0.0531,0.02925,4.383,138.8,62.1,,649747.0,5132004.0,,1.170888433,,4990576.0,0.972441954,3.0,,,,,,,,,,,,,,,,,1.0,,1.0,,,1.0,,,1.0,1.0,1.0,0.0,0.0,1.0,1.0,0.0,0.0,0.0,10.5,1.4156746031746033
SSAB,Sweden,BF-BOF,H₂-DRI,2021,7.287,10.41,0.248,,10.658,1.462604638397146,,,,,,,,,,,Excellent,HYBRIT transformation; fossil-free steel from 2021,,52.5,0.08465,0.13685,0.013621893,124.9926654,0.08525,0.03605,4.657,149.6,71.7,,642191.0,5440017.0,,1.168137642,,4725774.0,0.868705741,4.0,,,,,1.0,,,,,,1.0,1.0,1.0,1.0,1.0,,,,,,,1.0,,,1.0,1.0,1.0,0.0,0.0,1.0,1.0,0.0,0.0,0.0,10.5,1.4285714285714286
SSAB,Sweden,BF-BOF,H₂-DRI,2022,6.936,9.807,0.331,,10.138,1.461649365628604,,,,,,,,,,,Excellent,HYBRIT transformation; fossil-free steel from 2021,,80.32,0.1323,0.1972,0.035601772,98.08378154,0.15455,0.07615,4.382,136.4,64.0,,597441.0,5363401.0,,1.22396189,,4735395.0,0.882908997,4.0,,,,,1.0,2.0,,,,1.0,,1.0,,1.0,1.0,1.0,,,1.0,,1.0,,,,1.0,1.0,1.0,0.0,0.0,1.0,1.0,0.0,0.0,0.0,10.5,1.4139273356401385
SSAB,Sweden,BF-BOF,H₂-DRI,2023,7.081,10.1,0.273,,10.373,1.464906086710916,,,,,,,,,,,Excellent,HYBRIT transformation; fossil-free steel from 2021,,84.0,0.0985,0.2077,0.017881373,97.74855755,0.12365,0.07575,4.235,126.3,60.1,,601271.0,5260757.0,,1.242209445,,4722703.0,0.897723084,4.0,1.0,,,,1.0,,,,,2.0,,,,,,,1.0,1.0,,1.0,,,,,1.0,1.0,1.0,0.0,0.0,1.0,1.0,0.0,0.0,0.0,10.5,1.4263522101398107
SSAB,Sweden,BF-BOF,H₂-DRI,2024,7.143,10.256,0.189,,10.445,1.462270754584908,,,,,,,,,,,Excellent,HYBRIT transformation; fossil-free steel from 2021,,65.0,0.08975,0.1913,0.013949641,87.80313684,0.10415,0.06295,4.002,129.5,65.4,,547373.0,4803364.0,75088.0,1.20024088,0.015632378,4690954.0,0.976597651,4.0,1.0,,,1.0,1.0,,,,,,,,,,,1.0,,,1.0,,1.0,,1.0,1.0,1.0,1.0,1.0,0.0,0.0,1.0,1.0,0.0,0.0,0.0,10.5,1.4358112837743247
Salzgitter AG,Germany,BF-BOF,SALCOS,2013,5.729,,,,,,,,,,,,,,,,Fair,Production estimated using 0.8014 conversion facto,,4.3,0.14345,0.118,0.007406618,92.87195897,0.04785,0.04115,42.7,165.7,68.6,3735691.0,69004.0,28166384.0,3416447.0,0.659634286,0.121295194,45672131.0,1.621512048,3.0,,,,,,,,,,,,1.0,1.0,1.0,,,,,,1.0,,1.0,,,1.0,1.0,1.0,1.0,1.0,1.0,0.0,0.0,1.0,0.0,13.0,
Salzgitter AG,Germany,BF-BOF,SALCOS,2014,5.84,,,,,,,,,,,,,,,,Fair,Production estimated using 0.8014 conversion facto,,5.9,0.1553,0.1198,0.006225997,67.42338428,0.0425,0.03835,42.9,169.2,70.1,3839715.0,71218.0,28640505.0,3241591.0,0.667610839,0.113182048,44796196.0,1.56408541,3.0,,,,,,1.0,1.0,,,,,,,1.0,1.0,,,1.0,1.0,,,,1.0,1.0,1.0,1.0,1.0,1.0,1.0,1.0,0.0,0.0,1.0,0.0,13.0,
Salzgitter AG,Germany,BF-BOF,SALCOS,2015,5.331,,,,,,,,,,,,,,,,Fair,Production estimated using 0.8014 conversion facto,,7.6,0.1501,0.1158,0.006929105,51.43696783,0.0386,0.0356,42.7,166.1,69.6,3751413.0,79866.0,29544004.0,3046461.0,0.691897049,0.10311605,44001406.0,1.489351477,3.0,,,,,,,,1.0,,,,,,,,,,1.0,,,1.0,,,,1.0,1.0,1.0,1.0,1.0,1.0,0.0,0.0,1.0,0.0,13.0,
Salzgitter AG,Germany,BF-BOF,SALCOS,2016,5.452,8.67,0.686,,9.356,1.716,,,,,,,,,,,Good,Production estimated using 0.8014 conversion facto,,5.2,0.14985,0.1122,0.008110017,56.13143908,0.03355,0.0313,42.1,162.3,69.5,3860753.0,64772.0,28610011.0,3170755.0,0.679572708,0.110826766,43127101.0,1.507412947,3.0,,1.0,,,,,,,,,,,,1.0,,,,,1.0,,1.0,1.0,,,1.0,1.0,1.0,1.0,1.0,1.0,0.0,0.0,1.0,0.0,13.0,1.5902421129860602
Salzgitter AG,Germany,BF-BOF,SALCOS,2017,5.574,8.47,0.693,,9.163,1.644,,,,,,,,,,,Good,Production estimated using 0.8014 conversion facto,,5.8,0.15165,0.11275,0.010276933,65.26184397,0.0312,0.0296,43.6,168.7,73.5,3952184.0,69471.0,29877260.0,3189746.0,0.685258257,0.106761664,42308482.0,1.416076374,3.0,,1.0,,,,,2.0,,,,,,,,,1.0,,,1.0,,,1.0,,,1.0,1.0,1.0,1.0,1.0,1.0,0.0,0.0,1.0,0.0,13.0,1.5195550771438824
Salzgitter AG,Germany,BF-BOF,SALCOS,2018,5.641,8.71,0.6,,9.31,1.65,,,,,,,,,,,Excellent,Production estimated using 0.8014 conversion facto,,15.5,0.15075,0.1131,0.011356758,57.98030254,0.0316,0.03155,42.4,167.6,73.1,3852773.0,80645.0,30139010.0,3102719.0,0.710825708,0.102946945,41481982.0,1.376355162,3.0,,,,,,,,,,,,1.0,1.0,1.0,,,1.0,,,1.0,,,,,1.0,1.0,1.0,1.0,1.0,1.0,0.0,0.0,1.0,0.0,13.0,1.5440524729657863
Salzgitter AG,Germany,BF-BOF,SALCOS,2019,5.299,8.402,0.536,,8.938,1.687,,,,,,,,,,,Excellent,Production estimated using 0.8014 conversion facto,,24.7,0.15825,0.1205,0.008927396,84.26424977,0.0309,0.03225,39.7,159.4,69.6,3734684.0,79149.0,28342719.0,3128562.0,0.713922393,0.11038327,40645254.0,1.43406333,3.0,,,communicated,,,,,,1.0,,,,,1.0,1.0,,,1.0,,,1.0,1.0,1.0,1.0,1.0,1.0,1.0,1.0,1.0,1.0,0.0,0.0,1.0,0.0,13.0,1.5855821853179843
Salzgitter AG,Germany,BF-BOF,SALCOS,2020,4.835,7.646,0.448,,8.094,1.674,,,,,,,,,,,Excellent,Production estimated using 0.8014 conversion facto,,24.4,0.17995,0.1257,0.006938629,97.39234831,0.0289,0.02925,35679.0,138.8,62.1,3309214.0,81019.0,25065607.0,3028868.0,0.000702531,0.120837608,39805692.0,1.588060165,3.0,,,,,,,,,,,,,,,,,1.0,,1.0,,,1.0,,,1.0,1.0,1.0,1.0,1.0,1.0,0.0,0.0,1.0,0.0,13.0,1.5813857290589453
Salzgitter AG,Germany,BF-BOF,SALCOS,2021,5.408,8.196,0.425,,8.621,1.594,,,,,,,,,,,Excellent,Production estimated using 0.8014 conversion facto,,52.5,0.18365,0.13685,0.013621893,124.9926654,0.0349,0.03605,40.241,149.6,71.7,3697695.0,72621.0,28285827.0,2752903.0,0.702910638,0.097324466,41503407.0,1.46728632,4.0,,,,,1.0,,,,,,1.0,1.0,1.0,1.0,1.0,,,,,,,1.0,,,1.0,1.0,1.0,1.0,1.0,1.0,0.0,0.0,1.0,0.0,13.0,1.515532544378698
Salzgitter AG,Germany,BF-BOF,SALCOS,2022,4.933,8.002,0.386,,8.388,1.7,,,,,,,,,,,Excellent,Production reported (AR2022 p.55): SZFG 4.154 + PT,,80.32,0.2094,0.1972,0.035601772,98.08378154,0.0573,0.07615,36.86,136.4,64.0,3769578.0,62355.0,26375074.0,2575457.0,0.715547314,0.097647385,42394481.0,1.607369177,4.0,,,,,1.0,2.0,,,,1.0,,,,1.0,1.0,1.0,,,1.0,,1.0,,,,1.0,1.0,1.0,1.0,1.0,1.0,0.0,0.0,1.0,0.0,13.0,1.6221366308534362
Salzgitter AG,Germany,BF-BOF,SALCOS,2023,4.54,7.308,0.481,0.649,7.789,1.716,1.753,,,,,,,,,,Excellent,Production reported (AR2023 p.66): SZFG 3.699 + PT,,84.0,0.21835,0.2077,0.017881373,97.74855755,0.0775,0.07575,35.395,126.3,60.1,3324150.0,62486.0,26282318.0,2512426.0,0.742543241,0.095593775,42367663.0,1.61202155,4.0,1.0,,,,1.0,,,,,2.0,,,,,,,1.0,1.0,,1.0,,,,,1.0,1.0,1.0,1.0,1.0,1.0,0.0,0.0,1.0,0.0,13.0,1.6096916299559472
Salzgitter AG,Germany,BF-BOF,SALCOS,2024,5.156,8.13,0.274,0.226,8.404,1.63,1.621,,,,,,,,,,Good,Production adjusted to exclude 30% HKM (6.361 - 1.,,65.0,0.23435,0.1913,0.013949641,87.80313684,0.06955,0.06295,37.234,129.5,65.4,3358260.0,63771.0,27012115.0,2626502.0,0.725469061,0.097234222,42225448.0,1.563204066,4.0,1.0,,,1.0,1.0,,,,,,,,,,,1.0,,,1.0,,1.0,,1.0,1.0,1.0,1.0,1.0,1.0,1.0,1.0,0.0,0.0,1.0,0.0,13.0,1.5768037238169126
Tata Steel Nederland,Netherlands,BF-BOF,H₂,2019,6.62,11.82,-0.13,,11.69,1.76,,,,,,,,,,,Excellent,FY2019/20 (Apr 2019-Mar 2020). Worldsteel methodology. Negative Scope 2: Vattenfall power plant emissions included in Scope 1 (operational control approach),,24.7,0.097,0.1205,0.008927396,84.26424977,0.03445,0.03225,6.7,159.4,69.6,,,6348738.0,2295373.0,0.947572836,0.361547917,9592575.0,1.510942017,3.0,,,communicated,,,,,,1.0,,,,,1.0,1.0,,,1.0,,,1.0,1.0,1.0,1.0,1.0,1.0,1.0,1.0,0.0,1.0,0.0,0.0,1.0,1.0,13.2,1.785498489425982
Tata Steel Nederland,Netherlands,BF-BOF,H₂,2020,6.07,10.88,-0.06,,10.82,1.77,,,,,,,,,,,Excellent,FY2020/21 (Apr 2020-Mar 2021). Worldsteel methodology. Source: TSN Sustainability Report 2021-2022 p44,,24.4,0.11075,0.1257,0.006938629,97.39234831,0.0342,0.02925,6.054,138.8,62.1,,4514.0,5786172.0,2066824.0,0.955760159,0.357200581,9394767.0,1.623658439,3.0,,,,,,,,,,,,,,,,,1.0,,1.0,,,1.0,,,1.0,1.0,1.0,1.0,0.0,1.0,0.0,0.0,1.0,1.0,13.2,1.7924217462932455
Tata Steel Nederland,Netherlands,BF-BOF,H₂,2021,6.45,11.55,-0.1,,11.45,1.78,,,,,,,,,,,Excellent,FY2021/22 (Apr 2021-Mar 2022). Worldsteel methodology. Source: TSN Sustainability Report 2021-2022 p44,,52.5,0.12405,0.13685,0.013621893,124.9926654,0.0435,0.03605,6.62,149.6,71.7,,8978.0,5957320.0,2351494.0,0.899897281,0.394723466,10224070.0,1.71621971,4.0,,,,,1.0,,,,,,1.0,,1.0,1.0,1.0,,,,,,,1.0,,,1.0,1.0,1.0,1.0,0.0,1.0,0.0,0.0,1.0,1.0,13.2,1.7906976744186047
Tata Steel Nederland,Netherlands,BF-BOF,H₂,2022,6.16,11.03,-0.21,,10.82,1.78,,,,,,,,,,,Excellent,"FY2022/23 (Apr 2022-Mar 2023). Using GHG Protocol S1/S2 for consistency with other companies. Worldsteel total 10,95 Mt, intensity 1,78. Source: TSN Sustainability Report 2022-2023 p167",,80.32,0.1817,0.1972,0.035601772,98.08378154,0.07285,0.07615,6.143,136.4,64.0,,8619.0,5822618.0,1618853.0,0.947846004,0.278028371,10224070.0,1.755923195,4.0,,,,,1.0,2.0,,,,1.0,,1.0,,1.0,1.0,1.0,,,1.0,,1.0,,,,1.0,1.0,1.0,1.0,0.0,1.0,0.0,0.0,1.0,1.0,13.2,1.7905844155844155
Tata Steel Nederland,Netherlands,BF-BOF,H₂,2023,4.66,8.67,0.11,,8.78,1.81,,,,,,,,,,,Good,"FY2023/24 (Apr 2023-Mar 2024). ABNORMAL YEAR: Blast Furnace 6 relining reduced liquid steel production by 1,52 Mt (−24%). Delays in Cold Mill 21 commissioning further impacted output. NOT representative of normal operations. Exclude from trend analysis. Source: TSN Annual Report 2024-2025 p167, production note p52",,84.0,0.23125,0.2077,0.017881373,97.74855755,0.0761,0.07575,4.677,126.3,60.1,,9236.0,4543687.0,1681473.0,0.971496044,0.370067965,10224070.0,2.250170401,4.0,1.0,,,,1.0,,,,,2.0,,,,,,,1.0,1.0,,1.0,,,,,1.0,1.0,1.0,1.0,0.0,1.0,0.0,0.0,1.0,1.0,13.2,1.8605150214592274
Tata Steel Nederland,Netherlands,BF-BOF,H₂,2024,6.57,11.45,0.02,,11.47,1.69,,,,,,,,,,,Excellent,"FY2024/25 (Apr 2024-Mar 2025). Return to normal operations after BF6 restart. Production +41% vs FY23/24 (recovery from maintenance). Intensity improved to 1,69 (−4% vs 2019-2022 baseline), showing efficiency gains. Source: TSN Annual Report 2024-2025 p167",,65.0,0.2099,0.1913,0.013949641,87.80313684,0.0694,0.06295,6.395,129.5,65.4,,9915.0,5894644.0,1642672.0,0.921758249,0.278671961,8243160.0,1.398415239,4.0,1.0,,,1.0,1.0,,,,,,,1.0,,,,1.0,,,1.0,,1.0,,1.0,1.0,1.0,1.0,1.0,1.0,0.0,1.0,0.0,0.0,1.0,1.0,13.2,1.7427701674277014
Voestalpine,Austria,BF-BOF,,2017,8.17,14.3,0.9,,15.2,1.86,,B,,,,No,,,Yes,,Good,"Production: Q4 FY16/17 (2,054) + Q1-Q3 FY17/18 (6,112) = 8,166 Mt. Emissions: Calendar year 2017 from CR Report 2018. Scope1_2_location = 14,30 + 0,90. Intensity = 15,20 / 8,17 = 1,86. Scope2_market not reported for 2017.",Scope 2 not disaggregated in report; CDP B rating,5.8,0.09635,0.11275,0.010276933,65.26184397,0.0334,0.0296,8.1,168.7,73.5,,,12483149.0,,1.541129506,,8307755.0,0.665517571,3.0,,1.0,,,,,2.0,,,,,1.0,,,,1.0,,,1.0,,,1.0,,,1.0,1.0,1.0,0.0,1.0,1.0,1.0,1.0,1.0,0.0,13.7,1.7503059975520197
Voestalpine,Austria,BF-BOF,,2018,6.94,12.7,0.8,0.82,13.5,1.95,1.95,A-,A,,,No,,,Yes,,Very Good,"Production: Q4 FY17/18 (2,028) + Q1-Q3 FY18/19 (4,912) = 6,940 Mt. Low production due to blast furnace shutdown. Emissions: Calendar year 2018 from CR Report 2018. Scope1_2_location = 12,70 + 0,80. Intensity_location = 13,50 / 6,94 = 1,95. Intensity_market = (12,70 + 0,82) / 6,94 = 1,95.",CDP A- rating (leadership category); Supplier enga,15.5,0.10045,0.1131,0.011356758,57.98030254,0.0332,0.03155,6.9,167.6,73.1,,,10931695.0,,1.584303623,,8139719.0,0.74459807,3.0,,,,,,,,,,,,,1.0,1.0,,,1.0,,,1.0,,,,,1.0,1.0,1.0,0.0,1.0,1.0,1.0,1.0,1.0,0.0,13.7,1.8299711815561959
Voestalpine,Austria,BF-BOF,,2019,7.3,13.6,0.94,0.94,14.54,1.99,1.99,A-,A,,,No,,,Yes,,Excellent,"Production: Q4 FY18/19 (1,982) + Q1-Q3 FY19/20 (5,314) = 7,296 Mt. Emissions: Calendar year 2019 from CR Report 2020. Scope1_2_location = 13,60 + 0,94. Intensity_location = 14,54 / 7,30 = 1,99. Intensity_market = (13,60 + 0,94) / 7,30 = 1,99.",COVID-19 impact,24.7,0.1082,0.1205,0.008927396,84.26424977,0.03185,0.03225,7.4,159.4,69.6,,,11852236.0,,1.601653514,,7969903.0,0.67243877,3.0,,,communicated,,,,,,1.0,,,1.0,,1.0,1.0,,,1.0,,,1.0,1.0,1.0,1.0,1.0,1.0,1.0,0.0,1.0,1.0,1.0,1.0,1.0,0.0,13.7,1.8630136986301369
Voestalpine,Austria,BF-BOF,,2020,6.74,12.4,0.64,0.64,13.04,1.93,1.93,A-,A,,,No,,,Yes,,Excellent,"Production: Q4 FY19/20 (1,859) + Q1-Q3 FY20/21 (4,885) = 6,744 Mt. COVID-19 impact on production. Emissions: Calendar year 2020 from CR Report 2021. Scope1_2_location = 12,40 + 0,64. Intensity_location = 13,04 / 6,74 = 1,93. Intensity_market = (12,40 + 0,64) / 6,74 = 1,93.",COVID-19 impact,24.4,0.11875,0.1257,0.006938629,97.39234831,0.03015,0.02925,6.765,138.8,62.1,,,10975189.0,,1.622348707,,7799769.0,0.710672864,3.0,,,,,,,,,,,,1.0,,,,,1.0,,1.0,,,1.0,,,1.0,1.0,1.0,0.0,1.0,1.0,1.0,1.0,1.0,0.0,13.7,1.8397626112759644
Voestalpine,Austria,BF-BOF,,2021,7.88,14.5,0.73,0.55,15.23,1.93,1.91,A-,A,,,Yes,,,Yes,,Excellent,"Production: Q4 FY20/21 (1,997) + Q1-Q3 FY21/22 (5,879) = 7,876 Mt. Emissions: Calendar year 2021 from CR Report 2021/22. Scope1_2_location = 14,50 + 0,73. Intensity_location = 15,23 / 7,88 = 1,93. Intensity_market = (14,50 + 0,55) / 7,88 = 1,91. Note: Scope2_market (0,55) lower due to renewable energy purchases.",SBTi commitment made (validated targets: 30% Scope,52.5,0.1253,0.13685,0.013621893,124.9926654,0.0394,0.03605,7.884,149.6,71.7,,,12552097.0,,1.592097539,,8789540.0,0.700244748,4.0,,,,,1.0,,,,,,1.0,1.0,1.0,1.0,1.0,,,,,,,1.0,,,1.0,1.0,1.0,0.0,1.0,1.0,1.0,1.0,1.0,0.0,13.7,1.8401015228426396
Voestalpine,Austria,BF-BOF,,2022,7.38,12.71,0.65,0.48,13.36,1.81,1.79,A-,A,,,Yes,,,Yes,,Excellent,"Production: Q4 FY21/22 (1,960) + Q1-Q3 FY22/23 (5,418) = 7,378 Mt. Emissions: Calendar year 2022 from CR Report 2022/23. Scope1_2_location = 12,71 + 0,65. Intensity_location = 13,36 / 7,38 = 1,81. Intensity_market = (12,71 + 0,48) / 7,38 = 1,79.",SBTi targets validated; greentec steel transformat,80.32,0.17015,0.1972,0.035601772,98.08378154,0.0742,0.07615,7.512,136.4,64.0,,,11851704.0,,1.577702875,,9085210.0,0.766574157,4.0,,,,,1.0,2.0,,,,1.0,,,,1.0,1.0,1.0,,,1.0,,1.0,,,,1.0,1.0,1.0,0.0,1.0,1.0,1.0,1.0,1.0,0.0,13.7,1.7222222222222223
Voestalpine,Austria,BF-BOF,,2023,7.11,12.53,0.53,0.6,13.06,1.84,1.85,A-,A,,,Yes,,,Yes,,Excellent,"Production: Q4 FY22/23 (1,791) + Q1-Q3 FY23/24 (5,323) = 7,114 Mt. Emissions: Calendar year 2023 from CR Report 2023/24. Scope1_2_location = 12,53 + 0,53. Intensity_location = 13,06 / 7,11 = 1,84. Intensity_market = (12,53 + 0,60) / 7,11 = 1,85. Note: Market-based slightly higher than location-based.",Both Scope 2 location and market-based reported as,84.0,0.2534,0.2077,0.017881373,97.74855755,0.06985,0.07575,7.133,126.3,60.1,,,11593307.0,,1.625305902,,9086072.0,0.78373427,4.0,1.0,,,,1.0,,,,,2.0,,,,,,,1.0,1.0,,1.0,,,,,1.0,1.0,1.0,0.0,1.0,1.0,1.0,1.0,1.0,0.0,13.7,1.762306610407876
Dillinger DE,Germany,BF-BOF,DRI-EAF,2013,2.023,,,,,,,,,,,,,,,,,,,4.3,0.14345,0.118,0.007406618,92.87195897,0.04785,0.04115,42.7,165.7,68.6,3735691.0,69004.0,28166384.0,3416447.0,0.659634286,0.121295194,45672131.0,1.621512048,3.0,,,,,,,,,,,,1.0,1.0,1.0,,,,,,1.0,,1.0,,,1.0,0.0,1.0,1.0,1.0,1.0,0.0,0.0,0.0,0.0,8.8,
Dillinger DE,Germany,BF-BOF,DRI-EAF,2014,2.345,,,,,,,,,,,,,,,,,,,5.9,0.1553,0.1198,0.006225997,67.42338428,0.0425,0.03835,42.9,169.2,70.1,3839715.0,71218.0,28640505.0,3241591.0,0.667610839,0.113182048,44796196.0,1.56408541,3.0,,,,,,1.0,1.0,,,,,,,1.0,1.0,,,1.0,1.0,,,,1.0,1.0,1.0,0.0,1.0,1.0,1.0,1.0,0.0,0.0,0.0,0.0,8.8,
Dillinger DE,Germany,BF-BOF,DRI-EAF,2015,2.401,,,,,,,,,,,,,,,,,,,7.6,0.1501,0.1158,0.006929105,51.43696783,0.0386,0.0356,42.7,166.1,69.6,3751413.0,79866.0,29544004.0,3046461.0,0.691897049,0.10311605,44001406.0,1.489351477,3.0,,,,,,,,1.0,,,,,,,,,,1.0,,,1.0,,,,1.0,0.0,1.0,1.0,1.0,1.0,0.0,0.0,0.0,0.0,8.8,
Dillinger DE,Germany,BF-BOF,DRI-EAF,2016,2.267,,,,,,,,,,,,,,,,,,,5.2,0.14985,0.1122,0.008110017,56.13143908,0.03355,0.0313,42.1,162.3,69.5,3860753.0,64772.0,28610011.0,3170755.0,0.679572708,0.110826766,43127101.0,1.507412947,3.0,,1.0,,,,,,,,,,,,1.0,,,,,1.0,,1.0,1.0,,,1.0,0.0,1.0,1.0,1.0,1.0,0.0,0.0,0.0,0.0,8.8,
Dillinger DE,Germany,BF-BOF,DRI-EAF,2017,2.521,,,,,,,,,,,,,,,,,,,5.8,0.15165,0.11275,0.010276933,65.26184397,0.0312,0.0296,43.6,168.7,73.5,3952184.0,69471.0,29877260.0,3189746.0,0.685258257,0.106761664,42308482.0,1.416076374,3.0,,1.0,,,,,2.0,,,,,,,,,1.0,,,1.0,,,1.0,,,1.0,0.0,1.0,1.0,1.0,1.0,0.0,0.0,0.0,0.0,8.8,
Dillinger DE,Germany,BF-BOF,DRI-EAF,2018,2.334,,,,,,,,,,,,,,,,,,,15.5,0.15075,0.1131,0.011356758,57.98030254,0.0316,0.03155,42.4,167.6,73.1,3852773.0,80645.0,30139010.0,3102719.0,0.710825708,0.102946945,41481982.0,1.376355162,3.0,,,,,,,,,,,,1.0,1.0,1.0,,,1.0,,,1.0,,,,,1.0,0.0,1.0,1.0,1.0,1.0,0.0,0.0,0.0,0.0,8.8,
Dillinger DE,Germany,BF-BOF,DRI-EAF,2019,2.238,,,,,,,,,,,,,,,,,,,24.7,0.15825,0.1205,0.008927396,84.26424977,0.0309,0.03225,39.7,159.4,69.6,3734684.0,79149.0,28342719.0,3128562.0,0.713922393,0.11038327,40645254.0,1.43406333,3.0,,,communicated,,,,,,1.0,,,,,1.0,1.0,,,1.0,,,1.0,1.0,1.0,1.0,1.0,0.0,1.0,1.0,1.0,1.0,0.0,0.0,0.0,0.0,8.8,
Dillinger DE,Germany,BF-BOF,DRI-EAF,2020,1.816,,,,,,,,,,,,,,,,,,,24.4,0.17995,0.1257,0.006938629,97.39234831,0.0289,0.02925,35679.0,138.8,62.1,3309214.0,81019.0,25065607.0,3028868.0,0.000702531,0.120837608,39805692.0,1.588060165,3.0,,,,,,,,,,,,,,,,,1.0,,1.0,,,1.0,,,1.0,0.0,1.0,1.0,1.0,1.0,0.0,0.0,0.0,0.0,8.8,
Dillinger DE,Germany,BF-BOF,DRI-EAF,2021,2.281,,,,,,,,,,,,,,,,,,,52.5,0.18365,0.13685,0.013621893,124.9926654,0.0349,0.03605,40.241,149.6,71.7,3697695.0,72621.0,28285827.0,2752903.0,0.702910638,0.097324466,41503407.0,1.46728632,4.0,,,,,1.0,,,,,,1.0,1.0,1.0,1.0,1.0,,,,,,,1.0,,,1.0,0.0,1.0,1.0,1.0,1.0,0.0,0.0,0.0,0.0,8.8,
Dillinger DE,Germany,BF-BOF,DRI-EAF,2022,2.299,,,,,,,,,,,,,,,,,,,80.32,0.2094,0.1972,0.035601772,98.08378154,0.0573,0.07615,36.86,136.4,64.0,3769578.0,62355.0,26375074.0,2575457.0,0.715547314,0.097647385,42394481.0,1.607369177,4.0,,,,,1.0,2.0,,,,1.0,,,,1.0,1.0,1.0,,,1.0,,1.0,,,,1.0,0.0,1.0,1.0,1.0,1.0,0.0,0.0,0.0,0.0,8.8,
Dillinger DE,Germany,BF-BOF-EAF,DRI-EAF,2023,2.376,,,,,,,,,,,,,,,,,,,84.0,0.21835,0.2077,0.017881373,97.74855755,0.0775,0.07575,35.395,126.3,60.1,3324150.0,62486.0,26282318.0,2512426.0,0.742543241,0.095593775,42367663.0,1.61202155,4.0,1.0,,,,1.0,,,,,2.0,,,,,,,1.0,1.0,,1.0,,,,,1.0,0.0,1.0,1.0,1.0,1.0,0.0,0.0,0.0,0.0,8.8,
Dillinger DE,Germany,BF-BOF-EAF,DRI-EAF,2024,2.302,,,,,,,,,,,,,,,,,,,65.0,0.23435,0.1913,0.013949641,87.80313684,0.06955,0.06295,37.234,129.5,65.4,3358260.0,63771.0,27012115.0,2626502.0,0.725469061,0.097234222,42225448.0,1.563204066,4.0,1.0,,,1.0,1.0,,,,,,,,,,,1.0,,,1.0,,1.0,,1.0,1.0,1.0,0.0,1.0,1.0,1.0,1.0,0.0,0.0,0.0,0.0,8.8,
Tata Steel UK,UK,BF-BOF,,2020,3.38,6.6,0.2,,,2.09,,,,,,,,,,,,,,24.4,0.1345,0.1257,0.006938629,97.39234831,0.01731,0.02925,7.0,138.8,62.1,4714925.0,,6216539.0,572295.0,0.888077,0.092060068,5606723.0,0.901904259,3.0,,,,,,,,,,,,,,,,,1.0,,1.0,,,1.0,,,1.0,0.0,0.0,0.0,0.0,0.0,0.0,0.0,0.0,1.0,2.5,1.952662721893491
Tata Steel UK,UK,BF-BOF,,2021,3.27,6.2,0.2,,,2.0,,,,,,,,,,,,,,52.5,0.1529,0.13685,0.013621893,124.9926654,0.02844,0.03605,7.2,149.6,71.7,,,,,,,,,4.0,,,,,1.0,,,1.0,,,1.0,,1.0,1.0,1.0,,,,,,,1.0,,,1.0,0.0,0.0,0.0,0.0,0.0,0.0,0.0,0.0,1.0,2.5,1.8960244648318043
Tata Steel UK,UK,BF-BOF,,2022,3.4,6.4,0.2,,,2.02,,,,,,,,,,,,,,80.32,0.2217,0.1972,0.035601772,98.08378154,0.05859,0.07615,6.0,136.4,64.0,,,,,,,,,4.0,,,,,1.0,2.0,,,,1.0,,1.0,,1.0,1.0,1.0,,,1.0,,1.0,,,,1.0,0.0,0.0,0.0,0.0,0.0,0.0,0.0,0.0,1.0,2.5,1.8823529411764708
Tata Steel UK,UK,BF-BOF,,2023,2.93,5.7,0.2,,,2.05,,,,,,,,,,,,,,84.0,0.2821,0.2077,0.017881373,97.74855755,0.06105,0.07575,5.6,126.3,60.1,,,,,,,,,4.0,1.0,,,,1.0,,,,,2.0,,,,,,,1.0,1.0,,1.0,,,,,1.0,0.0,0.0,0.0,0.0,0.0,0.0,0.0,0.0,1.0,2.5,1.9453924914675766
Tata Steel UK,UK,BF-BOF,,2024,2.99,5.5,0.2,,,2.02,,,,,,,,,,,,,,65.0,0.288,0.1913,0.013949641,87.80313684,0.05151,0.06295,4.0,129.5,65.4,,,,,,,,,4.0,1.0,,,1.0,1.0,,,,,,,1.0,,,,1.0,,,1.0,,1.0,,1.0,1.0,1.0,0.0,0.0,0.0,0.0,0.0,0.0,0.0,0.0,1.0,2.5,1.8394648829431437
Acerinox EU,Spain,EAF,,2020,0.679212,,,,,,,,,,,,,,,,,,,24.4,0.11255,0.1257,0.006938629,97.39234831,0.02605,0.02925,11.142,138.8,62.1,25457.0,160516.0,5101081.0,772155.0,0.457824538,0.151370856,7601701.0,1.490213741,3.0,,,,,,,,,,,,1.0,,,,,1.0,,1.0,,,1.0,,,1.0,1.0,1.0,0.0,1.0,1.0,0.0,1.0,0.0,1.0,11.0,
Acerinox EU,Spain,EAF,,2022,0.577062,,,,,,,,,,,,,,,,,,,80.32,0.20405,0.1972,0.035601772,98.08378154,0.0888,0.07615,11.464,136.4,64.0,28853.0,159517.0,5937730.0,845284.0,0.517945743,0.142358107,6702338.0,1.128771096,4.0,,,,,1.0,2.0,,,,1.0,,,,1.0,1.0,1.0,,,1.0,,1.0,,,,1.0,1.0,1.0,0.0,1.0,1.0,0.0,1.0,0.0,1.0,11.0,
Acerinox EU,Spain,EAF,,2023,0.550162,,,,,,,,,,,,,,,,,,,84.0,0.15665,0.2077,0.017881373,97.74855755,0.0618,0.07575,11.352,126.3,60.1,29449.0,120711.0,5304746.0,835336.0,0.467296159,0.157469557,8072808.0,1.521808584,4.0,1.0,,,,1.0,,,,,2.0,,1.0,,,,,1.0,1.0,,1.0,,,,,1.0,1.0,1.0,0.0,1.0,1.0,0.0,1.0,0.0,1.0,11.0,
Acerinox EU,Spain,EAF,,2024,0.294002,,,,,,,,,,,,,,,,,,,65.0,0.13985,0.1913,0.013949641,87.80313684,0.0475,0.06295,11.832,129.5,65.4,30377.0,114696.0,5911823.0,756141.0,0.499646974,0.127903187,6295205.0,1.064850047,4.0,1.0,,,1.0,1.0,,,,,,,,,,,1.0,,,1.0,,1.0,,1.0,1.0,1.0,1.0,1.0,0.0,1.0,1.0,0.0,1.0,0.0,1.0,11.0,
Acciaierie d’Italia Holding,Italy,BF-BOF,Decarbonization-H2-DRI-CCUS,2019,4.212,10.25,0.027,0.046,10.278,2.44,2.444,,,,,,,,,,,,,24.7,0.16315,0.1205,0.008927396,84.26424977,0.0319,0.03225,23.2,159.4,69.6,,36960.0,8900414.0,657738.0,0.383638534,0.073899708,14244211.0,1.600398701,3.0,,,communicated,,,,,,1.0,,,1.0,,1.0,1.0,,,1.0,,,1.0,1.0,1.0,1.0,1.0,1.0,1.0,0.0,0.0,1.0,0.0,0.0,1.0,1.0,10.2,2.4335232668566005
Acciaierie d’Italia Holding,Italy,BF-BOF,Decarbonization-H2-DRI-CCUS,2020,3.371,8.451,0.121,0.219,8.572,2.543,2.573,,,,,,,,,,,,,24.4,0.15085,0.1257,0.006938629,97.39234831,0.0284,0.02925,20.379,138.8,62.1,,28452.0,7613674.0,620912.0,0.373603906,0.081552218,13945783.0,1.831675877,3.0,,,,,,,,,,,,,,,,,1.0,,1.0,,,1.0,,,1.0,1.0,1.0,0.0,0.0,1.0,0.0,0.0,1.0,1.0,10.2,2.5069712251557403
Acciaierie d’Italia Holding,Italy,BF-BOF,Decarbonization/H2/DRI/CCUS,2021,3.996,9.879,0.155,0.281,10.034,2.511,2.542,,,,,,,,,,,,,52.5,0.17185,0.13685,0.013621893,124.9926654,0.0337,0.03605,24.412,149.6,71.7,,34683.0,8443132.0,490372.0,0.345859905,0.058079395,8637514.0,1.023022499,4.0,,,,,1.0,,,,,,1.0,1.0,1.0,1.0,1.0,,,,,,,1.0,,,1.0,1.0,1.0,0.0,0.0,1.0,0.0,0.0,1.0,1.0,10.2,2.4722222222222223
Acciaierie d’Italia Holding,Italy,BF-BOF,Decarbonization/H2/DRI/CCUS,2022,3.409,8.662,0.157,0.284,8.818,2.587,2.625,,,,,,,,,,,,,80.32,0.29485,0.1972,0.035601772,98.08378154,0.0931,0.07615,21.599,136.4,64.0,,32715.0,7531028.0,627454.0,0.348674846,0.08331585,8543101.0,1.134387098,4.0,,,,,1.0,2.0,,,,1.0,,1.0,,1.0,1.0,1.0,,,1.0,,1.0,,,,1.0,1.0,1.0,0.0,0.0,1.0,0.0,0.0,1.0,1.0,10.2,2.5409210912291
Dillinger FR,France,BF-BOF,DRI-EAF,2013,0.546,,,,,,,,,,,,,,,,,,,4.3,0.09115,0.118,0.007406618,92.87195897,0.0398,0.04115,15.7,165.7,68.6,,,17705092.0,672723.0,1.127712866,0.037996018,18340578.0,1.035892838,3.0,,,,,,,,,,,,,1.0,1.0,,,,,,1.0,,1.0,,,1.0,0.0,1.0,1.0,1.0,1.0,0.0,0.0,0.0,0.0,8.8,
Dillinger FR,France,BF-BOF,DRI-EAF,2024,0.562,,,,,,,,,,,,,,,,,,,65.0,0.17935,0.1913,0.013949641,87.80313684,0.06915,0.06295,10.753,129.5,65.4,,,10573841.0,954750.0,0.983338696,0.090293584,12144967.0,1.148586119,4.0,1.0,,,1.0,1.0,,,,,,,1.0,,,,1.0,,,1.0,,1.0,,1.0,1.0,1.0,0.0,1.0,1.0,1.0,1.0,0.0,0.0,0.0,0.0,8.8,
Dillinger FR,France,BF-BOF,DRI-EAF,2015,0.56,,,,,,,,,,,,,,,,,,,7.6,0.0989,0.1158,0.006929105,51.43696783,0.0372,0.0356,15.0,166.1,69.6,,,16643487.0,510514.0,1.1095658,0.0306735,18060583.0,1.085144177,3.0,,,,,,,,1.0,,,,,,,,,,1.0,,,1.0,,,,1.0,0.0,1.0,1.0,1.0,1.0,0.0,0.0,0.0,0.0,8.8,
Dillinger FR,France,BF-BOF,DRI-EAF,2016,0.598,,,,,,,,,,,,,,,,,,,5.2,0.09325,0.1122,0.008110017,56.13143908,0.03555,0.0313,14.6,162.3,69.5,,,15995479.0,533954.0,1.095580753,0.033381557,17659056.0,1.10400295,3.0,,1.0,,,,,,,,,,1.0,,1.0,,,,,1.0,,1.0,1.0,,,1.0,0.0,1.0,1.0,1.0,1.0,0.0,0.0,0.0,0.0,8.8,
Dillinger FR,France,BF-BOF,DRI-EAF,2017,0.652,,,,,,,,,,,,,,,,,,,5.8,0.0949,0.11275,0.010276933,65.26184397,0.03385,0.0296,15.5,168.7,73.5,,,17459747.0,555129.0,1.12643529,0.031794791,16878471.0,0.96670765,3.0,,1.0,,,,,2.0,,,,,1.0,,,,1.0,,,1.0,,,1.0,,,1.0,0.0,1.0,1.0,1.0,1.0,0.0,0.0,0.0,0.0,8.8,
Dillinger FR,France,BF-BOF,DRI-EAF,2018,0.662,,,,,,,,,,,,,,,,,,,15.5,0.09355,0.1131,0.011356758,57.98030254,0.03715,0.03155,15.4,167.6,73.1,,,16988142.0,511867.0,1.103126104,0.030130841,16532715.0,0.973191477,3.0,,,,,,,,,,,,,1.0,1.0,,,1.0,,,1.0,,,,,1.0,0.0,1.0,1.0,1.0,1.0,0.0,0.0,0.0,0.0,8.8,
Dillinger FR,France,BF-BOF,DRI-EAF,2019,0.556,,,,,,,,,,,,,,,,,,,24.7,0.0987,0.1205,0.008927396,84.26424977,0.03735,0.03225,14.5,159.4,69.6,,,16459942.0,531303.0,1.135168414,0.032278546,16199815.0,0.98419636,3.0,,,communicated,,,,,,1.0,,,,,1.0,1.0,,,1.0,,,1.0,1.0,1.0,1.0,1.0,0.0,1.0,1.0,1.0,1.0,0.0,0.0,0.0,0.0,8.8,
Dillinger FR,France,BF-BOF,DRI-EAF,2020,0.406,,,,,,,,,,,,,,,,,,,24.4,0.10055,0.1257,0.006938629,97.39234831,0.03445,0.02925,11.596,138.8,62.1,,,12754474.0,512213.0,1.099902898,0.040159477,15778974.0,1.237132476,3.0,,,,,,,,,,,,1.0,,,,,1.0,,1.0,,,1.0,,,1.0,0.0,1.0,1.0,1.0,1.0,0.0,0.0,0.0,0.0,8.8,
Dillinger FR,France,BF-BOF,DRI-EAF,2021,0.545,,,,,,,,,,,,,,,,,,,52.5,0.10375,0.13685,0.013621893,124.9926654,0.04235,0.03605,13.947,149.6,71.7,,,15481146.0,517898.0,1.109998279,0.033453467,16635110.0,1.07453996,4.0,,,,,1.0,,,,,,1.0,,1.0,1.0,1.0,,,,,,,1.0,,,1.0,0.0,1.0,1.0,1.0,1.0,0.0,0.0,0.0,0.0,8.8,
Dillinger FR,France,BF-BOF,DRI-EAF,2022,0.58,,,,,,,,,,,,,,,,,,,80.32,0.127,0.1972,0.035601772,98.08378154,0.06735,0.07615,12.234,136.4,64.0,,,14056865.0,621753.0,1.148999918,0.044231271,15514282.0,1.103680088,4.0,,,,,1.0,2.0,,,,1.0,,1.0,,1.0,1.0,1.0,,,1.0,,1.0,,,,1.0,0.0,1.0,1.0,1.0,1.0,0.0,0.0,0.0,0.0,8.8,
Dillinger FR,France,BF-BOF,DRI-EAF,2023,0.549,,,,,,,,,,,,,,,,,,,84.0,0.2331,0.2077,0.017881373,97.74855755,0.08015,0.07575,10.011,126.3,60.1,,,11508929.0,1009539.0,1.149628309,0.087717893,15706374.0,1.364712042,4.0,1.0,,,,1.0,,,,,2.0,,,,,,,1.0,1.0,,1.0,,,,,1.0,0.0,1.0,1.0,1.0,1.0,0.0,0.0,0.0,0.0,8.8,
Dillinger FR,France,BF-BOF,DRI-EAF,2024,0.489,,,,,,,,,,,,,,,,,,,65.0,0.17935,0.1913,0.013949641,87.80313684,0.06915,0.06295,10.753,129.5,65.4,,,10573841.0,954750.0,0.983338696,0.090293584,12144967.0,1.148586119,4.0,1.0,,,1.0,1.0,,,,,,,1.0,,,,1.0,,,1.0,,1.0,,1.0,1.0,1.0,0.0,1.0,1.0,1.0,1.0,0.0,0.0,0.0,0.0,8.8,
SIDENOR Group,Bulgaria-Greece,EAF,,2019,,0.1872,0.6271,,0.8143,,,,,,,,,,,,,,,24.7,0.097422,0.1205,0.008927396,84.26424977,0.03151,0.03225,0.984,159.4,69.6,,,108722.08,,0.110489919,,122524.88,1.126954893,3.0,,,,,,,,,,,,1.0,,,,,,,,,,,,,1.0,1.0,1.0,0.0,0.0,1.0,0.0,0.0,0.0,0.0,8.0,
SIDENOR Group,Bulgaria-Greece,EAF,,2020,1.38,0.176,0.5022,,0.6783,0.49,,,,,,,,,,,,,,24.4,0.094374,0.1257,0.006938629,97.39234831,0.022562,0.02925,0.87952,138.8,62.1,,,97516.64,,0.110874841,,119999.48,1.230553883,3.0,,,,,,,,,,,,,,,,,,,,,,,,,1.0,1.0,1.0,0.0,0.0,1.0,0.0,0.0,0.0,0.0,8.0,0.12753623188405797
SIDENOR Group,Bulgaria-Greece,EAF,Furnace fuel change (Dojran) & PV installation (Dojran),2021,1.53,0.2003,0.5001,0.5343,0.7004,0.46,0.48,,,,,,,,,,,,,52.5,0.147564,0.13685,0.013621893,124.9926654,0.03768,0.03605,1.004,149.6,71.7,,,111263.16,,0.11081988,,83249.48,0.748221424,4.0,,,,,1.0,,,,,,,,,,,,,,,,,,,,1.0,1.0,1.0,0.0,0.0,1.0,0.0,0.0,0.0,0.0,8.0,0.13091503267973856
SIDENOR Group,Bulgaria-Greece,EAF,,2022,1.59,0.2026,0.5267,0.6574,0.7293,0.46,0.54,,,,,,,,,,,,,80.32,0.206188,0.1972,0.035601772,98.08378154,0.095364,0.07615,0.99128,136.4,64.0,,,108516.8,,0.109471391,,87496.12,0.806291007,4.0,,,,,1.0,,,,,,,,,,,,,,,,,,,,1.0,1.0,1.0,0.0,0.0,1.0,0.0,0.0,0.0,0.0,8.0,0.12742138364779873
SIDENOR Group,Bulgaria-Greece,EAF,New air pollution control (Sidenor) & TCFD Report released,2023,1.26,0.1646,0.3702,0.4924,0.5348,0.43,0.52,,,,,,,,,,,,,84.0,0.16382,0.2077,0.017881373,97.74855755,0.05973,0.07575,0.82116,126.3,60.1,,,89978.12,,0.109574407,,88361.2,0.982029853,4.0,1.0,,,,1.0,,,,,,,1.0,,,,,,,,,,,,,1.0,1.0,1.0,0.0,0.0,1.0,0.0,0.0,0.0,0.0,8.0,0.13063492063492063
SIDENOR Group,Bulgaria-Greece,EAF,Pumping station revamp (Sidenor) & New ladle preheaters (Stomana/Sovel),2024,1.46,0.1724,0.3121,0.3965,0.4845,0.33,0.39,,,,,,,,,,,,,65.0,0.149228,0.1913,0.013949641,87.80313684,0.043818,0.06295,0.87528,129.5,65.4,,,92015.2,,0.105126588,,79549.48,0.864525426,4.0,1.0,,,,1.0,,,,,,,1.0,,,,,,,,,,,,,1.0,1.0,1.0,0.0,0.0,1.0,0.0,0.0,0.0,0.0,8.0,0.11808219178082192
Feralpi Group,Italy,EAF,,2013,1.901,0.163,0.563,,0.726,0.381,,,,,,No,No (SustSteel),Yes (main sites),,OHSAS 18001,Good,"3 main plants (Lonato, Calvisano, Riesa/ESF); Scope 1 methodology: Mass balance from 2013; EPD certified since 2011; External verification noted",,4.3,0.1699,0.118,0.007406618,92.87195897,0.0396,0.04115,24.1,165.7,68.6,,30570.0,9880765.0,809137.0,0.409990249,0.081890117,17455395.0,1.766603598,3.0,,,,,,,,,,,,1.0,1.0,1.0,,,,,,1.0,,1.0,,,1.0,1.0,1.0,0.0,1.0,1.0,0.0,0.0,1.0,0.0,10.0,0.08574434508153604
Feralpi Group,Italy,EAF,,2014,2.093,0.197,0.548,,0.745,0.356,,,,,,No,No (SustSteel),Yes (main sites),,OHSAS 18001,Good,"3 main plants; Scope 2 restated with updated emission factors (IT: 359g/kWh, DE: 510g/kWh); EPD certified",,5.9,0.17275,0.1198,0.006225997,67.42338428,0.03615,0.03835,23.7,169.2,70.1,,32972.0,10283241.0,572040.0,0.433892025,0.055628376,16690712.0,1.623098399,3.0,,,,,,1.0,1.0,,,,,1.0,,1.0,1.0,,,1.0,1.0,,,,1.0,1.0,1.0,1.0,1.0,0.0,1.0,1.0,0.0,0.0,1.0,0.0,10.0,0.09412326803631152
Feralpi Group,Italy,EAF,,2015,2.223,0.195,0.568,,0.763,0.343,,,,,,No,No (SustSteel),Yes (main sites),,OHSAS 18001,Good,3 main plants; External verification; EPD certified,,7.6,0.16025,0.1158,0.006929105,51.43696783,0.03365,0.0356,22.0,166.1,69.6,,32806.0,8971350.0,628792.0,0.407788636,0.070088894,16265196.0,1.813015432,3.0,,,,,,,,1.0,,,,,,,,,,1.0,,,1.0,,,,1.0,1.0,1.0,0.0,1.0,1.0,0.0,0.0,1.0,0.0,10.0,0.08771929824561404
Feralpi Group,Italy,EAF,,2016,2.39,0.206,0.602,,0.808,0.338,,,,,,No,No (SustSteel),Yes (main sites),,OHSAS 18001,Good,"3 main plants, Nave/Fer-Par added to boundary; Worldsteel Sustainability Charter commitment; External verification; EPD certified",,5.2,0.1541,0.1122,0.008110017,56.13143908,0.02925,0.0313,23.3,162.3,69.5,,37756.0,9710135.0,570178.0,0.416743991,0.058719884,15923991.0,1.639935078,3.0,,1.0,,,,,,,,,,1.0,,1.0,,,,,1.0,,1.0,1.0,,,1.0,1.0,1.0,0.0,1.0,1.0,0.0,0.0,1.0,0.0,10.0,0.08619246861924686
Feralpi Group,Italy,EAF,,2017,2.495,0.209,0.623,0.833,0.832,0.333,0.425,,,,,No,No (SustSteel),Yes (main sites),,OHSAS 18001,Good,4 main plants (incl. Nave/Fer-Par); First Scope 2 market-based reported; Group intensity 0.30 tCO2e/t; EPD certified,,5.8,0.1463,0.11275,0.010276933,65.26184397,0.0262,0.0296,24.0,168.7,73.5,,36168.0,9415225.0,556888.0,0.392301042,0.059147604,15667290.0,1.664037769,3.0,,1.0,,,,,2.0,,,,,,,,,1.0,,,1.0,,,1.0,,,1.0,1.0,1.0,0.0,1.0,1.0,0.0,0.0,1.0,0.0,10.0,0.08376753507014027
Feralpi Group,Italy,EAF,,2018,2.503,0.204,0.604,,0.808,0.323,,,,,,No,No (SustSteel),Yes (main sites),,OHSAS 18001,Good,4 main plants; Scope 1 EU ETS corrected to 203.676 t; Scope 2 market not available this year; Group intensity 0.32 tCO2e/t; EPD certified,,15.5,0.14285,0.1131,0.011356758,57.98030254,0.02895,0.03155,24.5,167.6,73.1,,39870.0,9276599.0,575852.0,0.378636694,0.062075767,14539265.0,1.567305539,3.0,,,,,,,,,,,,1.0,1.0,1.0,,,1.0,,,1.0,,,,,1.0,1.0,1.0,0.0,1.0,1.0,0.0,0.0,1.0,0.0,10.0,0.08150219736316419
Feralpi Group,Italy,EAF,,2019,2.496,0.204,0.583,0.837,0.787,0.315,0.419,,,,,No,No (SustSteel),Yes (expanding),,OHSAS 18001,Good,Expanded boundary; Scope 2 market uses Residual Mix; Group intensity 0.35 tCO2e/t; EPD expanded to Greenstone by-product,,24.7,0.16315,0.1205,0.008927396,84.26424977,0.0319,0.03225,23.2,159.4,69.6,,36960.0,8900414.0,657738.0,0.383638534,0.073899708,14244211.0,1.600398701,3.0,,,communicated,,,,,,1.0,,,1.0,,1.0,1.0,,,1.0,,,1.0,1.0,1.0,1.0,1.0,1.0,1.0,0.0,1.0,1.0,0.0,0.0,1.0,0.0,10.0,0.08173076923076923
Feralpi Group,Italy,EAF,,2020,2.486,0.201,0.539,0.74,0.74,0.298,0.378,,,,,No,No (SustSteel),Yes (expanding),,OHSAS 18001 → ISO 45001,Good,Expanded boundary incl. Arlenico; Feralpi Siderurgica transitioned to ISO 45001; Scope 2 market uses Residual Mix; Group intensity 0.32 tCO2e/t; EPD certified; ESG-linked loans started,,24.4,0.15085,0.1257,0.006938629,97.39234831,0.0284,0.02925,20.379,138.8,62.1,,28452.0,7613674.0,620912.0,0.373603906,0.081552218,13945783.0,1.831675877,3.0,,,,,,,,,,,,,,,,,1.0,,1.0,,,1.0,,,1.0,1.0,1.0,0.0,1.0,1.0,0.0,0.0,1.0,0.0,10.0,0.08085277554304103
Feralpi Group,Italy,EAF,,2021,2.624,0.223,0.522,0.769,0.745,0.284,0.376,,,,IGI ESG Identity Label,No,No (SustSteel),Yes (MPL added),,ISO 45001 (Feralpi Sid),Good,Expanded boundary incl. Arlenico/Caleotto; Group intensity 0.30 tCO2e/t; EPD certified; IGI Company recognition for ESG integration; ESG-linked financing,,52.5,0.17185,0.13685,0.013621893,124.9926654,0.0337,0.03605,24.412,149.6,71.7,,34683.0,8443132.0,490372.0,0.345859905,0.058079395,8637514.0,1.023022499,4.0,,,,,1.0,,,,,,1.0,1.0,1.0,1.0,1.0,,,,,,,1.0,,,1.0,1.0,1.0,0.0,1.0,1.0,0.0,0.0,1.0,0.0,10.0,0.08498475609756097
Feralpi Group,Italy,EAF,,2022,2.456,0.204,0.499,0.747,0.703,0.286,0.388,,,,,No,No (SustSteel),Yes (expanding),Yes (org CFO),ISO 45001 (expanding),Good,"Scope 1 EU ETS corrected; Group intensity 0.30 tCO2e/t; ISO 14064 org CFO certified (Feralpi Sid, Calvisano, Caleotto); ISO 14067 product CFP certified; SBTi process started end 2022; EPD certified",,80.32,0.29485,0.1972,0.035601772,98.08378154,0.0931,0.07615,21.599,136.4,64.0,,32715.0,7531028.0,627454.0,0.348674846,0.08331585,8543101.0,1.134387098,4.0,,,,,1.0,2.0,,,,1.0,,1.0,,1.0,1.0,1.0,,,1.0,,1.0,,,,1.0,1.0,1.0,0.0,1.0,1.0,0.0,0.0,1.0,0.0,10.0,0.08306188925081433
Feralpi Group,Italy,EAF,,2023,2.43,0.196,0.507,0.523,0.703,0.289,0.296,,,,,Committed (Sep 2023),No (SustSteel),Yes (Presider added),Yes (org CFO),ISO 45001 (expanding),Good,Feralpi Siderurgica Consolidated; Steel in billets metric; Scope 2 market reduced via GdO certificates; Group intensity 0.30 tCO2e/t; SBTi Commitment Letter signed Sep 2023; ISO 14067 extended to Presider; EPD certified; ISO 14021 recycled content ≥93%,,84.0,0.23635,0.2077,0.017881373,97.74855755,0.07665,0.07575,21.055,126.3,60.1,,27615.0,7194352.0,642921.0,0.34169328,0.089364685,8551154.0,1.188592663,4.0,1.0,,,,1.0,,,,,2.0,,,,,,,1.0,1.0,,1.0,,,,,1.0,1.0,1.0,0.0,1.0,1.0,0.0,0.0,1.0,0.0,10.0,0.08065843621399177
Feralpi Group,Italy,EAF,,2024,2.584,0.208,0.546,0.338,0.754,0.292,0.211,,,,ESG Transparency Award 2024 (German Steel Fed),Validated 1.5°C (Jul 2024),No (SustSteel),Yes (Arlenico added),Yes (org CFO),ISO 45001 (goal: 100% by 2025+),Excellent,"Feralpi Siderurgica Consolidated; Scope 1 EU ETS corrected; Scope 2 market reduced via GdO certificates; Group intensity 0.330 tCO2e/t; SBTi targets approved Jul 2024 (50% Scope 1+2 intensity reduction by 2030 vs 2022; 25% Scope 3 absolute reduction; net-zero 2050); Among first European steel companies with SBTi approval; ESG Transparency Award 2024 (2nd award cycle, 1st European level); ISO 14021 recycled content 98.6%; ISO 45001 expansion to Calvisano/Lecco planned 2025+; EPD certified multiple sites",,65.0,0.2182,0.1913,0.013949641,87.80313684,0.05595,0.06295,20.007,129.5,65.4,,30385.0,6172229.0,546638.0,0.308503474,0.088564115,7569400.0,1.22636409,4.0,1.0,,,1.0,1.0,,,,,,,,,,,1.0,,,1.0,,1.0,,1.0,1.0,1.0,1.0,1.0,0.0,1.0,1.0,0.0,0.0,1.0,0.0,10.0,0.0804953560371517
Nippon Steel,Japan,BF-BOF,,2013,45.67,,,,,2.14,,,,,Thomson Reuters Top 100 Global Innovator (2nd yr); Worldsteel Climate Action,No,No,Yes,,OHSAS 18001 (likely),Good,FY2014 data (Apr 2013-Mar 2014); Total CO2 (energy-related): 97.6 Mt (preliminary); Scope 1/2 breakdown not available; Intensity from chart axis,,,,,,,,,,,,,,,,,,,,,,,,,,,,,,,,,,,,,,,,,,,,,,,,,,,,,,,,
Nippon Steel,Japan,BF-BOF,,2014,42.17,,,,,2.01,,,,,Thomson Reuters Top 100 Global Innovator (3rd yr); Worldsteel Climate Action,No,No,Yes,,OHSAS 18001 (likely),Good,FY2015 data (Apr 2014-Mar 2015); Total CO2 (energy-related): 90.9 Mt (preliminary); Scope 1/2 breakdown not available,,,,,,,,,,,,,,,,,,,,,,,,,,,,,,,,,,,,,,,,,,,,,,,,,,,,,,,,
Nippon Steel,Japan,BF-BOF,,2015,42.62,,,,,1.99,,,,,Thomson Reuters Top 100 Global Innovator (4th yr); Worldsteel Climate Action; DBJ Environmentally Rated Loan (highest rating),No,No,Yes,,OHSAS 18001 (likely),Good,FY2016 data (Apr 2015-Mar 2016); Total CO2 (energy-related): 95.9 Mt (preliminary); Scope 1/2 breakdown not available; DBJ loan for innovative environmental efforts,,,,,,,,,,,,,,,,,,,,,,,,,,,,,,,,,,,,,,,,,,,,,,,,,,,,,,,,
Nippon Steel,Japan,BF-BOF,,2016,40.67,,,,,2.0,,,,,Thomson Reuters Top 100 Global Innovator (5th yr); Worldsteel Climate Action,No,No,Yes,,OHSAS 18001 (likely),Good,FY2017 data (Apr 2016-Mar 2017); Total CO2 (energy-related): 90.7 Mt (preliminary); Scope 1/2 breakdown not available,,,,,,,,,,,,,,,,,,,,,,,,,,,,,,,,,,,,,,,,,,,,,,,,,,,,,,,,
Nippon Steel,Japan,BF-BOF,,2017,41.0,81.337,12.85,,94.187,1.89,,,,,Worldsteel Climate Action,No,No,Yes,,OHSAS 18001 → ISO 45001,Good,FY2018 data (Apr 2017-Mar 2018); First year with Scope 1/2 breakdown; Retroactively adjusted and detailed reporting; Total CO2 (Scope 1+2): 94.187 Mt,,,,,,,,,,,,,,,,,,,,,,,,,,,,,,,,,,,,,,,,,,,,,,,,,,,,,,,,1.983829268292683
Nippon Steel,Japan,BF-BOF,,2018,39.54,78.584,12.1,,90.684,1.93,,,,,Worldsteel Climate Action; Worldsteel Sustainability Champion 2019; FTSE4Good (2nd yr); FTSE Blossom Japan,No,No,Yes,,OHSAS 18001 → ISO 45001,Good,FY2019 data (Apr 2018-Mar 2019); CO2 12% lower than FY1990; Retroactively adjusted reporting; Total CO2 (Scope 1+2): 90.675 Mt; FY2020 voluntary action plan target achieved one year early,,,,,,,,,,,,,,,,,,,,,,,,,,,,,,,,,,,,,,,,,,,,,,,,,,,,,,,,1.9874557410217502
Nippon Steel,Japan,BF-BOF,,2019,33.0,62.987,11.035,,74.022,1.97,,,,,Thomson Reuters Top 100 Global Innovator (8th yr; only steel co.); Worldsteel Climate Action; FTSE4Good; FTSE Blossom Japan,No,No,Yes,,ISO 45001 (expanding),Fair,FY2020 data (Apr 2019-Mar 2020); Significant production drop due to COVID-19; Total CO2 (Scope 1+2): 74.022 Mt; Intensity affected by low production efficiency; ISO 45001 goal: all areas by end FY2021,,,,,,,,,,,,,,,,,,,,,,,,,,,,,,,,,,,,,,,,,,,,,,,,,,,,,,,,1.9086969696969698
Nippon Steel,Japan,BF-BOF,,2020,38.68,71.292,12.478,,83.77,1.88,,,,,Thomson Reuters Top 100 Global Innovator (9th yr); Worldsteel Climate Action; FTSE4Good; FTSE Blossom Japan,No,No,Yes,,ISO 45001 (expanding),Good,FY2021 data (Apr 2020-Mar 2021); Adjusted to include new EAF subsidiaries; Total CO2 (Scope 1+2): 83.770 Mt; Production recovery post-COVID,,,,,,,,,,,,,,,,,,,,,,,,,,,,,,,,,,,,,,,,,,,,,,,,,,,,,,,,1.8431230610134437
Nippon Steel,Japan,BF-BOF,,2021,34.25,63.397,11.912,,75.309,1.92,,,,,Worldsteel Climate Action; Worldsteel Sustainability Champion 2022 (3rd time); FTSE4Good (4th yr); FTSE Blossom Japan; FTSE Blossom Japan Sector Relative; MSCI Japan ESG Select Leaders; S&P/JPX Carbon Efficient (GPIF); ESG Finance Award Japan,No,No,Yes,,ISO 45001 (12 sites by Apr 2023),Good,FY2022 data (Apr 2021-Mar 2022); Production declined; Total CO2 (Scope 1+2): 75.309 Mt; 47 EPD certifications (80%+ products); ESG Finance Award from Ministry of Environment (FY2021),,,,,,,,,,,,,,,,,,,,,,,,,,,,,,,,,,,,,,,,,,,,,,,,,,,,,,,,1.851007299270073
Nippon Steel,Japan,BF-BOF,,2022,34.99,64.007,12.466,,76.473,1.93,,,,,Worldsteel Climate Action (15-year recognition 2023); FTSE4Good; FTSE Blossom Japan Sector Relative; MSCI Japan ESG Select Leaders; S&P/JPX Carbon Efficient,No,No,Yes,,ISO 45001 (all 12 sites by Apr 2024),Good,FY2023 data (Apr 2022-Mar 2023); Total CO2 (Scope 1+2): 76.472 Mt; ISO 45001 all steelworks and offices certified by April 2024; 15-year recognition as Climate Action Data Provider,,,,,,,,,,,,,,,,,,,,,,,,,,,,,,,,,,,,,,,,,,,,,,,,,,,,,,,,1.8292940840240068
Nippon Steel,Japan,BF-BOF,,2023,38.64,63.672,11.423,,75.095,1.96,,,,,FTSE4Good; FTSE Blossom Japan Sector Relative; MSCI Japan ESG Select Leaders; S&P/JPX Carbon Efficient,No,No,Yes,,Yes (all sites),Good (preliminary),FY2024 data (Apr 2023-Mar 2024); PRELIMINARY figures; Consolidated production excl. G/GJ Steel; Scope 2 uses FY2023 emission factors (provisional); Externally verified (limited assurance); IPP operations excluded; Total CO2 (Scope 1+2): 75.095 Mt; ISO 45001 all 12 steelworks and offices certified; Carbon Neutral Vision 2050 (30% reduction by 2030 vs 2013; net-zero 2050),,,,,,,,,,,,,,,,,,,,,,,,,,,,,,,,,,,,,,,,,,,,,,,,,,,,,,,,1.6478260869565216
Baosteel,China,BF-BOF,,2013,22.0,,,,,,,,,,UN Global Compact GC 100 Index; Highest credit rating (A-/A3/A-); National Environment-Friendly Enterprise,No,No,Yes (first in CN metallurgy 1998),,OHSAS 18001,Fair,"Pre-merger Baosteel only; Crude steel production; Emissions data not available; Reporting boundary: Baosteel Co. Ltd. and key subsidiaries (Shanghai, Meishan, BNA); Credit rating: Highest in global steel industry (S&P, Moody's, Fitch)",,,,,,,,,,,,,,,,,,,,,,,,,,,,,,,,,,,,,,,,,,,,,,,,,,,,,,,,
Baosteel,China,BF-BOF,,2014,23.6,,,,,,,,,,QC080000 certified (first steel co. in China); Green Leaf Mark (Intertek); Credit rating maintained,No,No,Yes,,OHSAS 18001,Fair,Pre-merger; Crude steel production; Emissions data not available; QC080000: First steel company in China with hazardous substances certification; Green Leaf Mark: 8 carbon steel product categories certified,,,,,,,,,,,,,,,,,,,,,,,,,,,,,,,,,,,,,,,,,,,,,,,,,,,,,,,,
Baosteel,China,BF-BOF,,2015,22.3,,,,,,,,,,Credit rating maintained,No,No,Yes,,OHSAS 18001,Fair,Pre-merger; Crude steel production; Emissions data not available; ISO 9001 since 1995 (all production bases),,,,,,,,,,,,,,,,,,,,,,,,,,,,,,,,,,,,,,,,,,,,,,,,,,,,,,,,
Baosteel,China,BF-BOF,,2016,23.74,,,,,,,,,,UN Global Compact Vanguard Enterprise (first in China for SDGs); Credit rating maintained,No,No,Yes,,OHSAS 18001,Fair,Pre-merger; Crude steel production; Emissions data not available; UN Global Compact: Selected as first Vanguard Enterprise in China for achieving SDGs,,,,,,,,,,,,,,,,,,,,,,,,,,,,,,,,,,,,,,,,,,,,,,,,,,,,,,,,
Baosteel,China,BF-BOF,,2017,47.05,96.8,2.91,,99.71,2.13,,,,,UN Global Compact Vanguard Enterprise (2nd time); Credit rating BBB+/Baa1/A,No,No,Yes,,OHSAS 18001,Good,"MERGER YEAR: Wuhan Iron & Steel merged (production nearly doubled); Reporting boundary expanded to 4 main sites (Baoshan, Meishan, Zhanjiang, Qingshan); Crude steel production; GHG data SGS verified; Total CO2 (Scope 1+2): 99.71 Mt; Post-merger baseline; Credit rating: Fitch upgraded to A",,,,,,,,,,,,,,,,,,,,,,,,,,,,,,,,,,,,,,,,,,,,,,,,,,,,,,,,2.0573857598299683
Baosteel,China,BF-BOF,,2018,48.49,105.69,2.13,,107.82,2.04,,,,,Credit rating A-/A3/A (Moody's and S&P upgraded),No,No,Yes,,OHSAS 18001/ISO 45001 (mixed),Good,Post-merger consolidated (4 sites); GHG data SGS verified; Total CO2 (Scope 1+2): 107.81 Mt; Baoshan and Dongshan: ISO 45001; Qingshan and Meishan: OHSAS 18001; Credit rating maintained highest in global steel industry,,,,,,,,,,,,,,,,,,,,,,,,,,,,,,,,,,,,,,,,,,,,,,,,,,,,,,,,2.1796246648793565
Baosteel,China,BF-BOF,,2019,46.87,106.17,2.85,,109.02,2.04,,,,,Green Factory (Dongshan MIIT); Credit rating maintained,No,No,Yes,,OHSAS 18001/ISO 45001,Good,Post-merger (4 sites); GHG data SGS verified (4 sites); Total CO2 (Scope 1+2): 109.02 Mt; Dongshan Base: Green Factory honor from Ministry of Industry and Information Technology,,,,,,,,,,,,,,,,,,,,,,,,,,,,,,,,,,,,,,,,,,,,,,,,,,,,,,,,2.2652016215062942
Baosteel,China,BF-BOF,,2020,45.62,104.18,3.38,,107.56,2.08,,,,,Worldsteel LCA Outstanding Achievement Award; Credit rating maintained,No,No,Yes,,OHSAS 18001/ISO 45001,Excellent,Post-merger (4 sites); GHG data SGS verified; ISO 14064-1:2018 verified; Total CO2 (Scope 1+2): 107.56 Mt; Worldsteel: LCA Award for application in carbon trading market; ISO 50001: First domestically certified (2010),,,,,,,,,,,,,,,,,,,,,,,,,,,,,,,,,,,,,,,,,,,,,,,,,,,,,,,,2.283647523016221
Baosteel,China,BF-BOF,,2021,46.33,86.456,3.086,,89.542,1.87,,B,,,MSCI ESG upgraded; Central Enterprises ESG Pioneer #7; Ultra-low Emission Level-A (Dongshan); Credit rating A-/A2/A,No,No,Yes (100% coverage),Yes (ISO 14064-1:2018),Yes (100% coverage),Excellent,"Post-merger (4 sites); BEST INTENSITY YEAR; GHG data SGS verified; ISO 14064-1:2018 verified; Total CO2 (Scope 1+2): 89.542 Mt; ISO 14001/45001/50001: All 100% coverage achieved; Dongshan: First in Guangdong Province as Ultra-low Emission Level-A Enterprise; CDP B; MSCI upgraded; Credit rating: Moody's upgraded to A2, Fitch outlook Positive",,,,,,,,,,,,,,,,,,,,,,,,,,,,,,,,,,,,,,,,,,,,,,,,,,,,,,,,1.866091085689618
Baosteel,China,BF-BOF,,2022,50.89,91.956,2.865,,94.821,1.86,,B,,,MSCI ESG upgraded; Central Enterprises ESG Pioneer #4 (up 3 ranks); Dual-carbon Leadership Excellent; Worldsteel Charter; Credit rating A-/A2/A+,No,No,Yes (100%),Yes (ISO 14064-1:2018),Yes (100%),Excellent,Post-merger (4 sites); BEST INTENSITY YEAR; GHG data SGS verified; ISO 14064-1:2018 verified; Total CO2 (Scope 1+2): 94.820 Mt; Baowu Group: Worldsteel Sustainability Charter member (2022-2024); Dual-carbon Leadership Ranking: Excellent (highest rating); Central ESG Pioneer: #4 (improved 3 ranks); ISO/IEC 27001: 29.3% coverage; Credit rating: Fitch upgraded to A+,,,,,,,,,,,,,,,,,,,,,,,,,,,,,,,,,,,,,,,,,,,,,,,,,,,,,,,,1.80695617999607
Baosteel,China,BF-BOF,,2023,52.83,105.69,2.13,,107.82,2.04,,A- (Leadership),,Medals and Badges,MSCI ESG upgraded; DJSI S&P Global Sustainability Yearbook 2023 (China); Central ESG Pioneer #4 (Top 100; #1 manufacturing); Dual-carbon Leadership Excellent; Credit rating A-/A/A+,No (Carbon peaking 2023 target),No,Yes (100%),Yes (ISO 14064-1:2018),Yes (100%),Good,"Post-merger (4 sites); GHG data SGS verified; Total CO2 (Scope 1+2): 107.81 Mt; DATA NOTE: Values coincidentally identical to 2018 due to restatement with updated emission factors by Ministry of Environment; CDP A- Leadership Level; DJSI: Listed in S&P Global Sustainability Yearbook 2023 (China Edition); Central ESG Pioneer: #4 overall, #1 in manufacturing; EcoVadis: Medals and Badges (level not specified); Baosteel supports Baowu Group carbon peaking by 2023, neutrality by 2050",,,,,,,,,,,,,,,,,,,,,,,,,,,,,,,,,,,,,,,,,,,,,,,,,,,,,,,,2.0005678591709257
Baosteel,China,BF-BOF,,2024,53.21,106.34,-0.14,,106.2,2.0,,A- (Climate Leader),,,"DJSI S&P Global Sustainability Yearbook 2025 (Top 5% global, Top 1% Best Progressive); Central Enterprises ESG Pioneer #7; Credit rating maintained","No (Carbon peaking 2023, neutrality 2050)",No,Yes (100%),Yes (ISO 14064-1:2018),Yes (100%),Good (Scope 2 anomaly),"Post-merger (4 sites); GHG data SGS verified; Total CO2 (Scope 1+2): 106.22 Mt; SCOPE 2 ANOMALY: Negative value (-0.14 Mt) may reflect renewable energy credits, net electricity generation, or accounting methodology; CDP: Recognized as Climate Change Leader (A-); DJSI: Top 5% globally, Top 1% and Best Progressive Enterprise in Sustainability Yearbook 2025; ISO/IEC 27001: 75% coverage (4 bases); Carbon neutrality target 2050",,,,,,,,,,,,,,,,,,,,,,,,,,,,,,,,,,,,,,,,,,,,,,,,,,,,,,,,1.998496523209923
SHS Group,Germany,BF-BOF,EAF + DRI-H2,2017,5.335,8.194,0.437,,8.631,1.62,,,,,,,,ISO 14001 (Dillinger only),Yes,Yes,Fair,ISO 14001 surveillance audit at Dillinger; Group-wide ISO 45001; emissions as reported by SHS Group.,,5.8,0.15165,0.11275,0.010276933,65.26184397,0.0312,0.0296,43.6,168.7,73.5,3952184.0,69471.0,29877260.0,3189746.0,0.685258257,0.106761664,42308482.0,1.416076374,3.0,,1.0,,,,,2.0,,,,,,,,,1.0,,,1.0,,,1.0,,,1.0,1.0,1.0,0.0,0.0,1.0,1.0,0.0,0.0,0.0,10.5,1.5358950328022494
SHS Group,Germany,BF-BOF,EAF + DRI-H2,2018,5.116,7.966,0.303,,8.269,1.62,,,,Silver (Dillinger only),,,,ISO 14001 (Dillinger only),Yes,Yes,Fair,EcoVadis Silver for Dillinger; Group-wide ISO 45001; Saarstahl not certified; emissions per SHS data.,,15.5,0.15075,0.1131,0.011356758,57.98030254,0.0316,0.03155,42.4,167.6,73.1,3852773.0,80645.0,30139010.0,3102719.0,0.710825708,0.102946945,41481982.0,1.376355162,3.0,,,,,,,,,,,,1.0,1.0,1.0,,,1.0,,,1.0,,,,,1.0,1.0,1.0,0.0,0.0,1.0,1.0,0.0,0.0,0.0,10.5,1.557075840500391
SHS Group,Germany,BF-BOF,EAF + DRI-H2,2019,4.519,7.843,0.523,,8.366,1.85,,,,,,,,ISO 14001 (Dillinger only),Yes,Yes,Good,ISO 14001 recertification at Dillinger; ISO 14064 applied group-wide for GHG reporting; OHSAS 18001 at Dillinger France.,,24.7,0.15825,0.1205,0.008927396,84.26424977,0.0309,0.03225,39.7,159.4,69.6,3734684.0,79149.0,28342719.0,3128562.0,0.713922393,0.11038327,40645254.0,1.43406333,3.0,,,communicated,,,,,,1.0,,,,,1.0,1.0,,,1.0,,,1.0,1.0,1.0,1.0,1.0,1.0,1.0,0.0,0.0,1.0,1.0,0.0,0.0,0.0,10.5,1.7355609648152246
SHS Group,Germany,BF-BOF,EAF + DRI-H2,2020,3.695,6.377,0.317,,6.694,1.81,,A-,,Silver (Dillinger only),UN Global Compact member,,,ISO 14001 (Dillinger only),Yes,Yes,Excellent,"First CDP submission (A-, group-wide); EcoVadis Silver (Dillinger); UN Global Compact group-wide.",,24.4,0.17995,0.1257,0.006938629,97.39234831,0.0289,0.02925,35679.0,138.8,62.1,3309214.0,81019.0,25065607.0,3028868.0,0.000702531,0.120837608,39805692.0,1.588060165,3.0,,,,,,,,,,,,,,,,,1.0,,1.0,,,1.0,,,1.0,1.0,1.0,0.0,0.0,1.0,1.0,0.0,0.0,0.0,10.5,1.7258457374830853
SHS Group,Germany,BF-BOF,EAF + DRI-H2,2021,4.919,8.179,0.518,,8.697,1.77,,B,Yes,Gold (Dillinger only),UN Global Compact member,,,ISO 14001 (Dillinger only),Yes,Yes,Good,CDP B (group-wide); CDP Supplier Engagement Leaderboard; EcoVadis Gold (Dillinger).,,52.5,0.18365,0.13685,0.013621893,124.9926654,0.0349,0.03605,40.241,149.6,71.7,3697695.0,72621.0,28285827.0,2752903.0,0.702910638,0.097324466,41503407.0,1.46728632,4.0,,,,,1.0,,,,,,1.0,1.0,1.0,1.0,1.0,,,,,,,1.0,,,1.0,1.0,1.0,0.0,0.0,1.0,1.0,0.0,0.0,0.0,10.5,1.6627363285220575
SHS Group,Germany,BF-BOF,EAF + DRI-H2,2022,4.56,7.843,0.633,,8.476,1.86,,A-,,Gold (Dillinger only),UN Global Compact member,Committed (group-wide),,"ISO 14001 (Dillinger, ROGESA, ZKS only)",Yes,Yes,Excellent,CDP A- (group-wide); SBTi commitment (group-wide); EcoVadis Gold (Dillinger).,,80.32,0.2094,0.1972,0.035601772,98.08378154,0.0573,0.07615,36.86,136.4,64.0,3769578.0,62355.0,26375074.0,2575457.0,0.715547314,0.097647385,42394481.0,1.607369177,4.0,,,,,1.0,2.0,,,,1.0,,,,1.0,1.0,1.0,,,1.0,,1.0,,,,1.0,1.0,1.0,0.0,0.0,1.0,1.0,0.0,0.0,0.0,10.5,1.7199561403508774
SHS Group,Germany,BF-BOF,EAF + DRI-H2,2023,4.079,5.552,0.473,,6.025,1.48,,A,,Gold (Dillinger only),UN Global Compact member,Committed (group-wide),Membership (group-wide),"ISO 14001 (Dillinger, ROGESA, ZKS only)",Yes,Yes,Excellent,CDP A (group-wide); ResponsibleSteel membership; EcoVadis Gold (Dillinger); LESS founding members (Dillinger & Saarstahl only).,,84.0,0.21835,0.2077,0.017881373,97.74855755,0.0775,0.07575,35.395,126.3,60.1,3324150.0,62486.0,26282318.0,2512426.0,0.742543241,0.095593775,42367663.0,1.61202155,4.0,1.0,,,,1.0,,,,,2.0,,,,,,,1.0,1.0,,1.0,,,,,1.0,1.0,1.0,0.0,0.0,1.0,1.0,0.0,0.0,0.0,10.5,1.3611179210590831
SHS Group,Germany,BF-BOF,EAF + DRI-H2,2024,4.485,5.595,0.591,,6.186,1.38,,A,,Gold (Dillinger only),UN Global Compact member,Validated (Net-zero 2050; group-wide),Membership (group-wide),"ISO 14001 (Dillinger, ROGESA, ZKS only)",Yes,Yes,Excellent,CDP A / A-List (group-wide); SBTi validated: net-zero 2050 + 2030 reductions; LESS founding members (Dillinger & Saarstahl only).,,65.0,0.23435,0.1913,0.013949641,87.80313684,0.06955,0.06295,37.234,129.5,65.4,3358260.0,63771.0,27012115.0,2626502.0,0.725469061,0.097234222,42225448.0,1.563204066,4.0,1.0,,,1.0,1.0,,,,,,,,,,,1.0,,,1.0,,1.0,,1.0,1.0,1.0,1.0,1.0,0.0,0.0,1.0,1.0,0.0,0.0,0.0,10.5,1.2474916387959865
